ly-define	ly:add-context-mod	2	0	0	context-mod-scheme.cc
ly-define	ly:add-interface	3	0	0	grob-interface-scheme.cc
ly-define	ly:add-listener	2	0	1	dispatcher-scheme.cc
ly-define	ly:add-option	3	0	1	program-option-scheme.cc
ly-define	ly:all-grob-interfaces	0	0	0	grob-interface-scheme.cc
ly-define	ly:all-options	0	0	0	program-option-scheme.cc
ly-define	ly:all-stencil-expressions	0	0	0	stencil-scheme.cc
ly-define	ly:angle	1	1	0	stencil-scheme.cc
ly-define	ly:append-to-option	2	0	0	program-option-scheme.cc
ly-define	ly:assoc-get	2	2	0	general-scheme.cc
ly-define	ly:axis-group-interface::add-element	2	0	0	axis-group-interface-scheme.cc
ly-define	ly:base64-encode	1	0	0	general-scheme.cc
ly-define	ly:basic-progress	1	0	1	warn-scheme.cc
ly-define	ly:bezier-extent	2	0	0	bezier-scheme.cc
ly-define	ly:bezier-extract	3	0	0	bezier-scheme.cc
ly-define	ly:book-add-bookpart!	2	0	0	book-scheme.cc
ly-define	ly:book-add-score!	2	0	0	book-scheme.cc
ly-define	ly:book-book-parts	1	0	0	book-scheme.cc
ly-define	ly:book-header	1	0	0	book-scheme.cc
ly-define	ly:book-paper	1	0	0	book-scheme.cc
ly-define	ly:book-process	4	0	0	book-scheme.cc
ly-define	ly:book-process-to-systems	4	0	0	book-scheme.cc
ly-define	ly:book-scores	1	0	0	book-scheme.cc
ly-define	ly:book-set-header!	2	0	0	book-scheme.cc
ly-define	ly:bp	1	0	0	dimensions-scheme.cc
ly-define	ly:bracket	4	0	0	stencil-scheme.cc
ly-define	ly:broadcast	2	0	0	dispatcher-scheme.cc
ly-define	ly:cairo-output-stencil	4	0	0	cairo.cc
ly-define	ly:cairo-output-stencils	5	0	0	cairo.cc
ly-define	ly:camel-case->lisp-identifier	1	0	0	general-scheme.cc
ly-define	ly:chain-assoc-get	2	2	0	general-scheme.cc
ly-define	ly:check-expected-warnings	0	0	0	warn-scheme.cc
ly-define	ly:cm	1	0	0	dimensions-scheme.cc
ly-define	ly:command-line-code	0	0	0	program-option-scheme.cc
ly-define	ly:command-line-options	0	0	0	program-option-scheme.cc
ly-define	ly:connect-dispatchers	2	0	0	dispatcher-scheme.cc
ly-define	ly:context-alias?	2	0	0	context-scheme.cc
ly-define	ly:context-children	1	0	0	context-scheme.cc
ly-define	ly:context-current-moment	1	0	0	context-scheme.cc
ly-define	ly:context-def-lookup	2	1	0	context-def.cc
ly-define	ly:context-def-modify	2	0	0	context-def.cc
ly-define	ly:context-event-source	1	0	0	context-scheme.cc
ly-define	ly:context-events-below	1	0	0	context-scheme.cc
ly-define	ly:context-find	2	0	0	context-scheme.cc
ly-define	ly:context-grob-definition	2	0	0	context-scheme.cc
ly-define	ly:context-id	1	0	0	context-scheme.cc
ly-define	ly:context-matched-pop-property	3	0	0	context-scheme.cc
ly-define	ly:context-mod-apply!	2	0	0	context-mod-scheme.cc
ly-define	ly:context-name	1	0	0	context-scheme.cc
ly-define	ly:context-output-def	1	0	0	context-scheme.cc
ly-define	ly:context-parent	1	0	0	context-scheme.cc
ly-define	ly:context-property-where-defined	2	1	0	context-scheme.cc
ly-define	ly:context-pushpop-property	3	1	0	context-scheme.cc
ly-define	ly:context-schedule-moment	2	0	0	global-context-scheme.cc
ly-define	ly:context-set-property!	3	0	0	context-scheme.cc
ly-define	ly:context-unset-property	2	0	0	context-scheme.cc
ly-define	ly:debug	1	0	1	warn-scheme.cc
ly-define	ly:deprecation-warning	1	0	1	warn-scheme.cc
ly-define	ly:dimension?	1	0	0	general-scheme.cc
ly-define	ly:dir?	1	0	0	general-scheme.cc
ly-define	ly:directed	1	1	0	stencil-scheme.cc
ly-define	ly:disconnect-dispatchers	2	0	0	dispatcher-scheme.cc
ly-define	ly:duration->moment	1	0	0	duration-scheme.cc
ly-define	ly:duration->number	1	0	0	duration-scheme.cc
ly-define	ly:duration->string	1	0	0	duration-scheme.cc
ly-define	ly:duration-compress	2	0	0	duration-scheme.cc
ly-define	ly:duration-dot-count	1	0	0	duration-scheme.cc
ly-define	ly:duration-factor	1	0	0	duration-scheme.cc
ly-define	ly:duration-log	1	0	0	duration-scheme.cc
ly-define	ly:duration-scale	1	0	0	duration-scheme.cc
ly-define	ly:duration<?	2	0	0	duration-scheme.cc
ly-define	ly:effective-prefix	0	0	0	general-scheme.cc
ly-define	ly:engraver-announce-end-grob	3	0	0	engraver-scheme.cc
ly-define	ly:engraver-make-grob	3	0	0	engraver-scheme.cc
ly-define	ly:engraver-make-item	3	0	0	engraver-scheme.cc
ly-define	ly:engraver-make-spanner	3	0	0	engraver-scheme.cc
ly-define	ly:engraver-make-sticky	4	0	0	engraver-scheme.cc
ly-define	ly:error	1	0	1	warn-scheme.cc
ly-define	ly:event-deep-copy	1	0	0	stream-event-scheme.cc
ly-define	ly:event-length	1	1	0	stream-event-scheme.cc
ly-define	ly:event-property	2	1	0	stream-event-scheme.cc
ly-define	ly:event-set-property!	3	0	0	stream-event-scheme.cc
ly-define	ly:event?	1	0	0	music-scheme.cc
ly-define	ly:expect-warning	1	0	1	warn-scheme.cc
ly-define	ly:extract-subfont-from-collection	3	0	0	open-type-font-scheme.cc
ly-define	ly:find-file	1	1	0	general-scheme.cc
ly-define	ly:font-config-add-directory	1	0	0	font-config-scheme.cc
ly-define	ly:font-config-add-font	1	0	0	font-config-scheme.cc
ly-define	ly:font-config-display-fonts	0	1	0	font-config-scheme.cc
ly-define	ly:font-config-get-font-file	1	0	0	font-config-scheme.cc
ly-define	ly:font-design-size	1	0	0	font-metric-scheme.cc
ly-define	ly:font-file-name	1	0	0	font-metric-scheme.cc
ly-define	ly:font-get-glyph	2	0	0	font-metric-scheme.cc
ly-define	ly:font-glyph-name-to-index	2	0	0	font-metric-scheme.cc
ly-define	ly:font-index-to-charcode	2	0	0	font-metric-scheme.cc
ly-define	ly:font-magnification	1	0	0	font-metric-scheme.cc
ly-define	ly:font-name	1	0	0	font-metric-scheme.cc
ly-define	ly:format	1	0	1	general-scheme.cc
ly-define	ly:format-output	1	0	0	global-context-scheme.cc
ly-define	ly:generic-bound-extent	2	0	0	axis-group-interface-scheme.cc
ly-define	ly:get-all-function-documentation	0	0	0	function-documentation.cc
ly-define	ly:get-all-translators	0	0	0	translator-ctors.cc
ly-define	ly:get-cff-offset	1	1	0	open-type-font-scheme.cc
ly-define	ly:get-context-mods	1	0	0	context-mod-scheme.cc
ly-define	ly:get-font-format	1	1	0	open-type-font-scheme.cc
ly-define	ly:get-option	1	0	0	program-option-scheme.cc
ly-define	ly:get-spacing-spec	2	0	0	page-layout-problem-scheme.cc
ly-define	ly:grob-alist-chain	1	1	0	grob-scheme.cc
ly-define	ly:grob-array->list	1	0	0	grob-array-scheme.cc
ly-define	ly:grob-array-filter	2	0	0	grob-array-scheme.cc
ly-define	ly:grob-array-length	1	0	0	grob-array-scheme.cc
ly-define	ly:grob-array-ref	2	0	0	grob-array-scheme.cc
ly-define	ly:grob-basic-properties	1	0	0	grob-scheme.cc
ly-define	ly:grob-chain-callback	3	0	0	grob-scheme.cc
ly-define	ly:grob-common-refpoint	3	0	0	grob-scheme.cc
ly-define	ly:grob-common-refpoint-of-array	3	0	0	grob-scheme.cc
ly-define	ly:grob-default-font	1	0	0	grob-scheme.cc
ly-define	ly:grob-extent	3	0	0	grob-scheme.cc
ly-define	ly:grob-get-vertical-axis-group-index	1	0	0	grob-scheme.cc
ly-define	ly:grob-interfaces	1	0	0	grob-scheme.cc
ly-define	ly:grob-layout	1	0	0	grob-scheme.cc
ly-define	ly:grob-list->grob-array	1	0	0	grob-array-scheme.cc
ly-define	ly:grob-original	1	0	0	grob-scheme.cc
ly-define	ly:grob-pq<?	2	0	0	grob-pq-engraver.cc
ly-define	ly:grob-property-data	2	0	0	grob-scheme.cc
ly-define	ly:grob-pure-height	4	1	0	grob-scheme.cc
ly-define	ly:grob-pure-property	4	1	0	grob-scheme.cc
ly-define	ly:grob-pure-relative-coordinate	4	0	0	grob-scheme.cc
ly-define	ly:grob-relative-coordinate	3	0	0	grob-scheme.cc
ly-define	ly:grob-robust-relative-extent	3	0	0	grob-scheme.cc
ly-define	ly:grob-script-priority-less	2	0	0	script-column.cc
ly-define	ly:grob-set-nested-property!	3	0	0	grob-scheme.cc
ly-define	ly:grob-set-object!	3	0	0	grob-scheme.cc
ly-define	ly:grob-set-parent!	3	0	0	grob-scheme.cc
ly-define	ly:grob-set-property!	3	0	0	grob-scheme.cc
ly-define	ly:grob-spanned-column-rank-interval	1	0	0	grob-scheme.cc
ly-define	ly:grob-staff-position	1	0	0	staff-symbol-referencer-scheme.cc
ly-define	ly:grob-suicide!	1	0	0	grob-scheme.cc
ly-define	ly:grob-system	1	0	0	grob-scheme.cc
ly-define	ly:grob-translate-axis!	3	0	0	grob-scheme.cc
ly-define	ly:grob-vertical<?	2	0	0	grob-scheme.cc
ly-define	ly:gs-api	2	0	0	general-scheme.cc
ly-define	ly:has-glyph-names?	1	1	0	open-type-font-scheme.cc
ly-define	ly:hash-table-keys	1	0	0	general-scheme.cc
ly-define	ly:inch	1	0	0	dimensions-scheme.cc
ly-define	ly:input-both-locations	1	0	0	input-scheme.cc
ly-define	ly:input-file-line-char-column	1	0	0	input-scheme.cc
ly-define	ly:input-message	2	0	1	input-scheme.cc
ly-define	ly:input-warning	2	0	1	input-scheme.cc
ly-define	ly:interpret-music-expression	2	0	0	global-context-scheme.cc
ly-define	ly:intlog2	1	0	0	duration-scheme.cc
ly-define	ly:item-break-dir	1	0	0	item-scheme.cc
ly-define	ly:item-get-column	1	0	0	item-scheme.cc
ly-define	ly:item?	1	0	0	item-scheme.cc
ly-define	ly:length	1	1	0	stencil-scheme.cc
ly-define	ly:line-interface::line	5	0	0	line-interface-scheme.cc
ly-define	ly:listened-event-class?	2	0	0	dispatcher-scheme.cc
ly-define	ly:listened-event-types	1	0	0	dispatcher-scheme.cc
ly-define	ly:make-book	2	0	1	book-scheme.cc
ly-define	ly:make-book-part	1	0	0	book-scheme.cc
ly-define	ly:make-context-mod	0	1	0	context-mod-scheme.cc
ly-define	ly:make-dispatcher	0	0	0	dispatcher-scheme.cc
ly-define	ly:make-duration	1	3	0	duration-scheme.cc
ly-define	ly:make-global-context	1	0	0	global-context-scheme.cc
ly-define	ly:make-global-translator	1	0	0	global-context-scheme.cc
ly-define	ly:make-grob-properties	1	0	0	context-property.cc
ly-define	ly:make-moment	1	3	0	moment-scheme.cc
ly-define	ly:make-music	1	0	0	music-scheme.cc
ly-define	ly:make-music-function	2	0	0	music-function-scheme.cc
ly-define	ly:make-music-relative!	2	0	0	music-scheme.cc
ly-define	ly:make-output-def	0	0	0	output-def-scheme.cc
ly-define	ly:make-page-label-marker	1	0	0	page-marker-scheme.cc
ly-define	ly:make-page-permission-marker	2	0	0	page-marker-scheme.cc
ly-define	ly:make-paper-outputter	2	1	0	paper-outputter-scheme.cc
ly-define	ly:make-pitch	2	1	0	pitch-scheme.cc
ly-define	ly:make-prob	2	0	1	prob-scheme.cc
ly-define	ly:make-rand-seed	0	0	0	lily-random.cc
ly-define	ly:make-regex	1	0	0	glib-regex-scheme.cc
ly-define	ly:make-rotation	1	1	0	transform-scheme.cc
ly-define	ly:make-scale	1	0	0	scale.cc
ly-define	ly:make-scaling	1	1	0	transform-scheme.cc
ly-define	ly:make-score	1	0	0	score-scheme.cc
ly-define	ly:make-skyline	3	0	0	skyline-scheme.cc
ly-define	ly:make-spring	2	0	0	spring-smob.cc
ly-define	ly:make-stencil	1	2	0	stencil-scheme.cc
ly-define	ly:make-stream-event	1	1	0	stream-event-scheme.cc
ly-define	ly:make-tmpfile-name	1	0	0	lily-random.cc
ly-define	ly:make-transform	0	6	0	transform-scheme.cc
ly-define	ly:make-translation	1	1	0	transform-scheme.cc
ly-define	ly:make-unpure-pure-container	1	1	0	unpure-pure-container.cc
ly-define	ly:message	1	0	1	warn-scheme.cc
ly-define	ly:minimal-breaking	1	0	0	page-breaking-scheme.cc
ly-define	ly:mm	1	0	0	dimensions-scheme.cc
ly-define	ly:module->alist	1	0	0	ly-module.cc
ly-define	ly:module-copy	2	0	0	module-scheme.cc
ly-define	ly:modules-lookup	2	1	0	module-scheme.cc
ly-define	ly:moment-add	2	0	0	moment-scheme.cc
ly-define	ly:moment-div	2	0	0	moment-scheme.cc
ly-define	ly:moment-grace	1	0	0	moment-scheme.cc
ly-define	ly:moment-grace-denominator	1	0	0	moment-scheme.cc
ly-define	ly:moment-grace-numerator	1	0	0	moment-scheme.cc
ly-define	ly:moment-main	1	0	0	moment-scheme.cc
ly-define	ly:moment-main-denominator	1	0	0	moment-scheme.cc
ly-define	ly:moment-main-numerator	1	0	0	moment-scheme.cc
ly-define	ly:moment-mod	2	0	0	moment-scheme.cc
ly-define	ly:moment-mul	2	0	0	moment-scheme.cc
ly-define	ly:moment-sub	2	0	0	moment-scheme.cc
ly-define	ly:moment<?	2	0	0	moment-scheme.cc
ly-define	ly:music-deep-copy	1	1	0	music-scheme.cc
ly-define	ly:music-duration-compress	2	0	0	music-scheme.cc
ly-define	ly:music-duration-length	1	0	0	music-scheme.cc
ly-define	ly:music-function-extract	1	0	0	music-function-scheme.cc
ly-define	ly:music-function-signature	1	0	0	music-function-scheme.cc
ly-define	ly:music-length	1	0	0	music-scheme.cc
ly-define	ly:music-list?	1	0	0	music-scheme.cc
ly-define	ly:music-mutable-properties	1	0	0	music-scheme.cc
ly-define	ly:music-set-property!	3	0	0	music-scheme.cc
ly-define	ly:music-start	1	0	0	music-scheme.cc
ly-define	ly:music-transpose	2	0	0	music-scheme.cc
ly-define	ly:music?	1	0	0	music-scheme.cc
ly-define	ly:non-fatal-error	1	0	1	warn-scheme.cc
ly-define	ly:note-column-accidentals	1	0	0	note-column-scheme.cc
ly-define	ly:note-column-dot-column	1	0	0	note-column-scheme.cc
ly-define	ly:note-extra-source-file	1	1	0	sources.cc
ly-define	ly:note-head::stem-attachment	2	1	0	note-head-scheme.cc
ly-define	ly:number->duration	1	0	0	duration-scheme.cc
ly-define	ly:number->string	1	0	0	general-scheme.cc
ly-define	ly:one-line-auto-height-breaking	1	0	0	page-breaking-scheme.cc
ly-define	ly:one-line-breaking	1	0	0	page-breaking-scheme.cc
ly-define	ly:one-page-breaking	1	0	0	page-breaking-scheme.cc
ly-define	ly:optimal-breaking	1	0	0	page-breaking-scheme.cc
ly-define	ly:option-usage	0	2	0	program-option-scheme.cc
ly-define	ly:otf->cff	1	1	0	otf-scheme.cc
ly-define	ly:otf-font-glyph-info	2	0	0	open-type-font-scheme.cc
ly-define	ly:otf-font-table-data	2	0	0	open-type-font-scheme.cc
ly-define	ly:otf-font?	1	0	0	open-type-font-scheme.cc
ly-define	ly:otf-glyph-count	1	0	0	open-type-font-scheme.cc
ly-define	ly:otf-glyph-list	1	0	0	open-type-font-scheme.cc
ly-define	ly:output-def-clone	1	0	0	output-def-scheme.cc
ly-define	ly:output-def-lookup	2	1	0	output-def-scheme.cc
ly-define	ly:output-def-parent	1	1	0	output-def-scheme.cc
ly-define	ly:output-def-scope	1	0	0	output-def-scheme.cc
ly-define	ly:output-def-set-variable!	3	0	0	output-def-scheme.cc
ly-define	ly:output-description	1	0	0	output-def-scheme.cc
ly-define	ly:output-file-name-for-input-file-name	1	0	0	lily-parser-scheme.cc
ly-define	ly:output-find-context-def	1	1	0	output-def-scheme.cc
ly-define	ly:outputter-close	1	0	0	paper-outputter-scheme.cc
ly-define	ly:outputter-dump-stencil	2	0	0	paper-outputter-scheme.cc
ly-define	ly:outputter-dump-string	2	0	0	paper-outputter-scheme.cc
ly-define	ly:outputter-output-scheme	2	0	0	paper-outputter-scheme.cc
ly-define	ly:outputter-port	1	0	0	paper-outputter-scheme.cc
ly-define	ly:page-turn-breaking	1	0	0	page-breaking-scheme.cc
ly-define	ly:pango-font-physical-fonts	1	0	0	pango-font-scheme.cc
ly-define	ly:pango-font?	1	0	0	pango-font-scheme.cc
ly-define	ly:paper-book-header	1	0	0	paper-book-scheme.cc
ly-define	ly:paper-book-pages	1	0	0	paper-book-scheme.cc
ly-define	ly:paper-book-paper	1	0	0	paper-book-scheme.cc
ly-define	ly:paper-book-performances	1	0	0	paper-book-scheme.cc
ly-define	ly:paper-book-scopes	1	0	0	paper-book-scheme.cc
ly-define	ly:paper-book-systems	1	0	0	paper-book-scheme.cc
ly-define	ly:paper-column::break-align-width	2	0	0	paper-column.cc
ly-define	ly:paper-fonts	1	0	0	output-def-scheme.cc
ly-define	ly:paper-get-font	2	0	0	output-def-scheme.cc
ly-define	ly:paper-get-number	2	0	0	output-def-scheme.cc
ly-define	ly:paper-outputscale	1	0	0	output-def-scheme.cc
ly-define	ly:paper-score-paper-systems	1	0	0	paper-score-scheme.cc
ly-define	ly:paper-system?	1	0	0	paper-system-scheme.cc
ly-define	ly:parse-file	1	0	0	lily-parser-scheme.cc
ly-define	ly:parse-init	1	0	0	lily-parser-scheme.cc
ly-define	ly:parse-string-expression	2	2	0	lily-parser-scheme.cc
ly-define	ly:parsed-undead-list!	0	0	0	undead.cc
ly-define	ly:parser-append-to-include-path	1	0	0	lily-parser-scheme.cc
ly-define	ly:parser-clear-error	0	1	0	lily-parser-scheme.cc
ly-define	ly:parser-clone	0	2	0	lily-parser-scheme.cc
ly-define	ly:parser-define!	2	0	0	lily-parser-scheme.cc
ly-define	ly:parser-define-once!	2	0	0	lily-parser-scheme.cc
ly-define	ly:parser-error	1	1	0	lily-parser-scheme.cc
ly-define	ly:parser-has-error?	0	1	0	lily-parser-scheme.cc
ly-define	ly:parser-include-string	1	0	0	lily-parser-scheme.cc
ly-define	ly:parser-lookup	1	0	1	lily-parser-scheme.cc
ly-define	ly:parser-output-name	0	1	0	lily-parser-scheme.cc
ly-define	ly:parser-parse-string	2	0	0	lily-parser-scheme.cc
ly-define	ly:parser-set-note-names	1	0	0	lily-parser-scheme.cc
ly-define	ly:perform-text-replacements	3	0	0	text-interface.cc
ly-define	ly:performance-headers	1	0	0	performance-scheme.cc
ly-define	ly:performance-write	3	0	0	performance-scheme.cc
ly-define	ly:pitch-alteration	1	0	0	pitch-scheme.cc
ly-define	ly:pitch-diff	2	0	0	pitch-scheme.cc
ly-define	ly:pitch-negate	1	0	0	pitch-scheme.cc
ly-define	ly:pitch-notename	1	0	0	pitch-scheme.cc
ly-define	ly:pitch-octave	1	0	0	pitch-scheme.cc
ly-define	ly:pitch-quartertones	1	0	0	pitch-scheme.cc
ly-define	ly:pitch-semitones	1	0	0	pitch-scheme.cc
ly-define	ly:pitch-steps	1	0	0	pitch-scheme.cc
ly-define	ly:pitch-tones	1	0	0	pitch-scheme.cc
ly-define	ly:pitch-transpose	2	0	0	pitch-scheme.cc
ly-define	ly:pitch<?	2	0	0	pitch-scheme.cc
ly-define	ly:png->eps-dump	6	0	0	cairo.cc
ly-define	ly:png-dimensions	1	0	0	cairo.cc
ly-define	ly:pointer-group-interface::add-grob	3	0	0	pointer-group-interface-scheme.cc
ly-define	ly:position-on-line?	2	0	0	staff-symbol-referencer-scheme.cc
ly-define	ly:prob-immutable-properties	1	0	0	prob-scheme.cc
ly-define	ly:prob-mutable-properties	1	0	0	prob-scheme.cc
ly-define	ly:prob-property?	2	0	0	prob-scheme.cc
ly-define	ly:prob-set-property!	2	1	0	prob-scheme.cc
ly-define	ly:prob-type?	2	0	0	prob-scheme.cc
ly-define	ly:programming-error	1	0	1	warn-scheme.cc
ly-define	ly:progress	1	0	1	warn-scheme.cc
ly-define	ly:property-lookup-stats	1	0	0	profile.cc
ly-define	ly:pt	1	0	0	dimensions-scheme.cc
ly-define	ly:pure-call	4	0	1	unpure-pure-container.cc
ly-define	ly:regex-exec	2	0	0	glib-regex-scheme.cc
ly-define	ly:regex-exec->list	2	0	0	glib-regex-scheme.cc
ly-define	ly:regex-quote	1	0	0	glib-regex-scheme.cc
ly-define	ly:regex-replace	2	0	1	glib-regex-scheme.cc
ly-define	ly:register-stencil-expression	1	0	0	stencil-scheme.cc
ly-define	ly:register-translator	2	1	0	translator-ctors.cc
ly-define	ly:relative-group-extent	3	0	0	axis-group-interface-scheme.cc
ly-define	ly:rename-file	2	0	0	general-scheme.cc
ly-define	ly:reset-all-fonts	0	0	0	all-font-metrics-scheme.cc
ly-define	ly:reset-options	1	0	0	program-option-scheme.cc
ly-define	ly:round-filled-box	3	0	0	stencil-scheme.cc
ly-define	ly:round-polygon	2	2	0	stencil-scheme.cc
ly-define	ly:run-translator	2	0	0	global-context-scheme.cc
ly-define	ly:score-add-output-def!	2	0	0	score-scheme.cc
ly-define	ly:score-embedded-format	2	0	0	score-scheme.cc
ly-define	ly:score-error?	1	0	0	score-scheme.cc
ly-define	ly:score-header	1	0	0	score-scheme.cc
ly-define	ly:score-music	1	0	0	score-scheme.cc
ly-define	ly:score-output-defs	1	0	0	score-scheme.cc
ly-define	ly:score-set-header!	2	0	0	score-scheme.cc
ly-define	ly:set-grob-creation-callback	1	0	0	engraver.cc
ly-define	ly:set-grob-modification-callback	1	0	0	grob-property.cc
ly-define	ly:set-middle-C!	1	0	0	pitch-scheme.cc
ly-define	ly:set-option	1	1	0	program-option-scheme.cc
ly-define	ly:set-origin!	1	1	0	music-scheme.cc
ly-define	ly:set-property-cache-callback	1	0	0	grob-property.cc
ly-define	ly:set-rand-seed	1	0	0	lily-random.cc
ly-define	ly:shutdown-gs	0	0	0	general-scheme.cc
ly-define	ly:skyline->points	2	0	0	skyline-scheme.cc
ly-define	ly:skyline-distance	2	1	0	skyline-scheme.cc
ly-define	ly:skyline-empty?	1	0	0	skyline-scheme.cc
ly-define	ly:skyline-height	2	0	0	skyline-scheme.cc
ly-define	ly:skyline-max-height	1	0	0	skyline-scheme.cc
ly-define	ly:skyline-max-height-position	1	0	0	skyline-scheme.cc
ly-define	ly:skyline-merge	2	0	0	skyline-scheme.cc
ly-define	ly:skyline-pad	2	0	0	skyline-scheme.cc
ly-define	ly:skyline-touching-point	2	1	0	skyline-scheme.cc
ly-define	ly:skylines-for-stencil	2	0	0	skyline-scheme.cc
ly-define	ly:smob-protects	0	0	0	smobs.cc
ly-define	ly:solve-spring-rod-problem	4	0	0	simple-spacer-scheme.cc
ly-define	ly:source-files	0	1	0	sources.cc
ly-define	ly:spanner-bound	2	1	0	spanner-scheme.cc
ly-define	ly:spanner-broken-into	1	0	0	spanner-scheme.cc
ly-define	ly:spanner-broken-neighbor	2	0	0	spanner-scheme.cc
ly-define	ly:spanner-set-bound!	3	0	0	spanner-scheme.cc
ly-define	ly:spanner?	1	0	0	spanner-scheme.cc
ly-define	ly:spawn	1	0	1	general-scheme.cc
ly-define	ly:spring-set-inverse-compress-strength!	2	0	0	spring-smob.cc
ly-define	ly:spring-set-inverse-stretch-strength!	2	0	0	spring-smob.cc
ly-define	ly:staff-symbol-line-thickness	1	0	0	staff-symbol-referencer-scheme.cc
ly-define	ly:staff-symbol-staff-radius	1	0	0	staff-symbol-referencer-scheme.cc
ly-define	ly:staff-symbol-staff-space	1	0	0	staff-symbol-referencer-scheme.cc
ly-define	ly:stderr-redirect	1	1	0	general-scheme.cc
ly-define	ly:stencil-add	0	0	1	stencil-scheme.cc
ly-define	ly:stencil-aligned-to	3	0	0	stencil-scheme.cc
ly-define	ly:stencil-combine-at-edge	4	1	0	stencil-scheme.cc
ly-define	ly:stencil-empty?	1	1	0	stencil-scheme.cc
ly-define	ly:stencil-expr	1	0	0	stencil-scheme.cc
ly-define	ly:stencil-extent	2	0	0	stencil-scheme.cc
ly-define	ly:stencil-outline	2	0	0	stencil-scheme.cc
ly-define	ly:stencil-rotate	4	0	0	stencil-scheme.cc
ly-define	ly:stencil-rotate-absolute	4	0	0	stencil-scheme.cc
ly-define	ly:stencil-scale	2	1	0	stencil-scheme.cc
ly-define	ly:stencil-stack	4	2	0	stencil-scheme.cc
ly-define	ly:stencil-translate	2	0	0	stencil-scheme.cc
ly-define	ly:stencil-translate-axis	3	0	0	stencil-scheme.cc
ly-define	ly:stream-event?	1	0	0	stream-event-scheme.cc
ly-define	ly:string-percent-encode	1	0	0	general-scheme.cc
ly-define	ly:string-substitute	3	0	0	general-scheme.cc
ly-define	ly:system-font-load	1	0	0	all-font-metrics-scheme.cc
ly-define	ly:time-tracer-include-and-remove-file	1	0	0	time-tracer-scheme.cc
ly-define	ly:time-tracer-restart	1	0	0	time-tracer-scheme.cc
ly-define	ly:time-tracer-set-file	1	0	0	time-tracer-scheme.cc
ly-define	ly:time-tracer-stop	0	0	0	time-tracer-scheme.cc
ly-define	ly:transform->list	1	0	0	transform-scheme.cc
ly-define	ly:translate-cpp-warning-scheme	1	0	0	warn-scheme.cc
ly-define	ly:translator-context	1	0	0	translator-scheme.cc
ly-define	ly:translator-description	1	0	0	translator-ctors.cc
ly-define	ly:translator-name	1	0	0	translator-ctors.cc
ly-define	ly:transpose-key-alist	2	0	0	music-scheme.cc
ly-define	ly:ttf->pfa	1	1	0	ttf.cc
ly-define	ly:ttf-ps-name	1	1	0	ttf.cc
ly-define	ly:unpure-call	2	0	1	unpure-pure-container.cc
ly-define	ly:unpure-pure-container-pure-part	1	0	0	unpure-pure-container.cc
ly-define	ly:unpure-pure-container-unpure-part	1	0	0	unpure-pure-container.cc
ly-define	ly:usage	0	0	0	main.cc
ly-define	ly:verbose-output?	0	0	0	program-option-scheme.cc
ly-define	ly:version	0	0	0	general-scheme.cc
ly-define	ly:warning	1	0	1	warn-scheme.cc
ly-define	ly:warning-located	2	0	1	warn-scheme.cc
ly-define	ly:wide-char->utf-8	1	0	0	general-scheme.cc
# KIND: callback -- MAKE_SCHEME_CALLBACK / IMPLEMENT_CTOR_CALLBACK.
#       The Scheme name is the macro's explicit PRIMNAME argument, NOT derived
#       from the C++ class and method names -- deriving it produced wrong names.
callback	ly:accidental-interface::height	1	0	0	accidental.cc
callback	ly:accidental-interface::horizontal-skylines	1	0	0	accidental.cc
callback	ly:accidental-interface::print	1	0	0	accidental.cc
callback	ly:accidental-interface::remove-tied	1	0	0	accidental.cc
callback	ly:accidental-placement::calc-positioning-done	1	0	0	accidental-placement.cc
callback	ly:align-interface::align-to-ideal-distances	1	0	0	align-interface.cc
callback	ly:align-interface::align-to-minimum-distances	1	0	0	align-interface.cc
callback	ly:arpeggio::calc-cross-staff	1	0	0	arpeggio.cc
callback	ly:arpeggio::calc-positions	1	0	0	arpeggio.cc
callback	ly:arpeggio::print	1	0	0	arpeggio.cc
callback	ly:arpeggio::pure-height	3	0	0	arpeggio.cc
callback	ly:arpeggio::width	1	0	0	arpeggio.cc
callback	ly:axis-group-interface::adjacent-pure-heights	1	0	0	axis-group-interface.cc
callback	ly:axis-group-interface::calc-pure-relevant-grobs	1	0	0	axis-group-interface.cc
callback	ly:axis-group-interface::calc-pure-staff-staff-spacing	3	0	0	axis-group-interface.cc
callback	ly:axis-group-interface::calc-pure-y-common	1	0	0	axis-group-interface.cc
callback	ly:axis-group-interface::calc-skylines	1	0	0	axis-group-interface.cc
callback	ly:axis-group-interface::calc-staff-staff-spacing	1	0	0	axis-group-interface.cc
callback	ly:axis-group-interface::calc-x-common	1	0	0	axis-group-interface.cc
callback	ly:axis-group-interface::calc-y-common	1	0	0	axis-group-interface.cc
callback	ly:axis-group-interface::combine-skylines	1	0	0	axis-group-interface.cc
callback	ly:axis-group-interface::height	1	0	0	axis-group-interface.cc
callback	ly:axis-group-interface::pure-height	3	0	0	axis-group-interface.cc
callback	ly:axis-group-interface::width	1	0	0	axis-group-interface.cc
callback	ly:balloon-interface::print	1	0	0	balloon.cc
callback	ly:balloon-interface::pure-height	3	0	0	balloon.cc
callback	ly:balloon-interface::width	1	0	0	balloon.cc
callback	ly:beam::calc-beam-segments	1	0	0	beam.cc
callback	ly:beam::calc-beaming	1	0	0	beam.cc
callback	ly:beam::calc-cross-staff	1	0	0	beam.cc
callback	ly:beam::calc-direction	1	0	0	beam.cc
callback	ly:beam::calc-normal-stems	1	0	0	beam.cc
callback	ly:beam::calc-stem-shorten	1	0	0	beam.cc
callback	ly:beam::calc-x-positions	1	0	0	beam.cc
callback	ly:beam::print	1	0	0	beam.cc
callback	ly:beam::pure-rest-collision-callback	4	0	0	beam.cc
callback	ly:beam::quanting	3	0	0	beam.cc
callback	ly:beam::rest-collision-callback	2	0	0	beam.cc
callback	ly:beam::set-stem-lengths	1	0	0	beam.cc
callback	ly:beam::tremolo-springs-and-rods	1	0	0	beam.cc
callback	ly:break-alignable-interface::find-parent	1	0	0	break-alignment-interface.cc
callback	ly:break-alignable-interface::self-align-callback	1	0	0	break-alignment-interface.cc
callback	ly:break-aligned-interface::calc-average-anchor	1	0	0	break-alignment-interface.cc
callback	ly:break-aligned-interface::calc-break-visibility	1	0	0	break-alignment-interface.cc
callback	ly:break-aligned-interface::calc-extent-aligned-anchor	1	0	0	break-alignment-interface.cc
callback	ly:break-aligned-interface::calc-joint-anchor-alignment	1	0	0	break-alignment-interface.cc
callback	ly:break-alignment-interface::calc-positioning-done	1	0	0	break-alignment-interface.cc
callback	ly:break-alignment-interface::find-nonempty-break-align-group	2	0	0	break-alignment-interface.cc
callback	ly:breathing-sign::divisio-maior	1	0	0	breathing-sign.cc
callback	ly:breathing-sign::divisio-maxima	1	0	0	breathing-sign.cc
callback	ly:breathing-sign::divisio-minima	1	0	0	breathing-sign.cc
callback	ly:breathing-sign::finalis	1	0	0	breathing-sign.cc
callback	ly:breathing-sign::offset-callback	1	0	0	breathing-sign.cc
callback	ly:breathing-sign::set-breath-properties	3	0	0	breathing-sign.cc
callback	ly:calculated-sequential-music::length	1	0	0	calculated-sequential-music.cc
callback	ly:calculated-sequential-music::start	1	0	0	calculated-sequential-music.cc
callback	ly:chord-bracket::print	1	0	0	arpeggio.cc
callback	ly:chord-bracket::width	1	0	0	arpeggio.cc
callback	ly:chord-name::after-line-breaking	1	0	0	chord-name.cc
callback	ly:chord-slur::print	1	0	0	arpeggio.cc
callback	ly:chord-slur::width	1	0	0	arpeggio.cc
callback	ly:clef-modifier::calc-parent-alignment	1	0	0	clef-modifier.cc
callback	ly:clef::calc-glyph-name	1	0	0	clef.cc
callback	ly:clef::print	1	0	0	clef.cc
callback	ly:cluster-beacon::height	1	0	0	cluster.cc
callback	ly:cluster::calc-cross-staff	1	0	0	cluster.cc
callback	ly:cluster::print	1	0	0	cluster.cc
callback	ly:dot-column::calc-positioning-done	1	0	0	dot-column.cc
callback	ly:duration::less?	2	0	0	duration-scheme.cc
callback	ly:enclosing-bracket::print	1	0	0	enclosing-bracket.cc
callback	ly:enclosing-bracket::width	1	0	0	enclosing-bracket.cc
callback	ly:figured-bass-continuation::center-on-figures	1	0	0	figured-bass-continuation.cc
callback	ly:fingering-column::calc-positioning-done	1	0	0	fingering-column.cc
callback	ly:flag::calc-x-offset	1	0	0	flag.cc
callback	ly:flag::calc-y-offset	1	0	0	flag.cc
callback	ly:flag::glyph-name	1	0	0	flag.cc
callback	ly:flag::print	1	0	0	flag.cc
callback	ly:flag::pure-calc-y-offset	3	0	0	flag.cc
callback	ly:flag::width	1	0	0	flag.cc
callback	ly:grace-music::start-callback	1	0	0	grace-music.cc
callback	ly:grid-line-interface::print	1	0	0	grid-line-interface.cc
callback	ly:grid-line-interface::width	1	0	0	grid-line-interface.cc
callback	ly:grob::horizontal-skylines-from-element-stencils	1	0	0	stencil-integral.cc
callback	ly:grob::horizontal-skylines-from-stencil	1	0	0	stencil-integral.cc
callback	ly:grob::pure-horizontal-skylines-from-element-stencils	3	0	0	stencil-integral.cc
callback	ly:grob::pure-simple-horizontal-skylines-from-extents	3	0	0	stencil-integral.cc
callback	ly:grob::pure-simple-vertical-skylines-from-extents	3	0	0	stencil-integral.cc
callback	ly:grob::pure-stencil-height	3	0	0	grob.cc
callback	ly:grob::pure-vertical-skylines-from-element-stencils	3	0	0	stencil-integral.cc
callback	ly:grob::simple-horizontal-skylines-from-extents	1	0	0	stencil-integral.cc
callback	ly:grob::simple-vertical-skylines-from-extents	1	0	0	stencil-integral.cc
callback	ly:grob::stencil-height	1	0	0	grob.cc
callback	ly:grob::stencil-width	1	0	0	grob.cc
callback	ly:grob::vertical-skylines-from-element-stencils	1	0	0	stencil-integral.cc
callback	ly:grob::vertical-skylines-from-stencil	1	0	0	stencil-integral.cc
callback	ly:grob::x-parent-positioning	1	0	0	grob.cc
callback	ly:grob::y-parent-positioning	1	0	0	grob.cc
callback	ly:hairpin::broken-bound-padding	1	0	0	hairpin.cc
callback	ly:hairpin::print	1	0	0	hairpin.cc
callback	ly:hairpin::pure-height	3	0	0	hairpin.cc
callback	ly:hara-kiri-group-spanner::calc-skylines	1	0	0	hara-kiri-group-spanner.cc
callback	ly:hara-kiri-group-spanner::force-hara-kiri-callback	1	0	0	hara-kiri-group-spanner.cc
callback	ly:hara-kiri-group-spanner::force-hara-kiri-in-y-parent-callback	1	0	0	hara-kiri-group-spanner.cc
callback	ly:hara-kiri-group-spanner::pure-height	3	0	0	hara-kiri-group-spanner.cc
callback	ly:hara-kiri-group-spanner::y-extent	1	0	0	hara-kiri-group-spanner.cc
callback	ly:horizontal-bracket::print	1	0	0	horizontal-bracket.cc
callback	ly:horizontal-line-spanner::calc-left-bound-info	1	0	0	line-spanner.cc
callback	ly:horizontal-line-spanner::calc-left-bound-info-and-text	1	0	0	line-spanner.cc
callback	ly:horizontal-line-spanner::calc-right-bound-info	1	0	0	line-spanner.cc
callback	ly:key-signature-interface::print	1	0	0	key-signature-interface.cc
callback	ly:kievan-ligature::print	1	0	0	kievan-ligature.cc
callback	ly:ledger-line-spanner::print	1	0	0	ledger-line-spanner.cc
callback	ly:ledger-line-spanner::set-spacing-rods	1	0	0	ledger-line-spanner.cc
callback	ly:line-spanner::calc-cross-staff	1	0	0	line-spanner.cc
callback	ly:line-spanner::calc-left-bound-info	1	0	0	line-spanner.cc
callback	ly:line-spanner::calc-left-bound-info-and-text	1	0	0	line-spanner.cc
callback	ly:line-spanner::calc-right-bound-info	1	0	0	line-spanner.cc
callback	ly:line-spanner::print	1	0	0	line-spanner.cc
callback	ly:lyric-combine-music::length-callback	1	0	0	lyric-combine-music.cc
callback	ly:lyric-extender::print	1	0	0	lyric-extender.cc
callback	ly:lyric-hyphen::print	1	0	0	lyric-hyphen.cc
callback	ly:lyric-hyphen::set-spacing-rods	1	0	0	lyric-hyphen.cc
callback	ly:measure-grouping::print	1	0	0	measure-grouping-spanner.cc
callback	ly:measure-spanner::print	1	0	0	measure-spanner.cc
callback	ly:melody-spanner::calc-neutral-stem-direction	1	0	0	melody-spanner.cc
callback	ly:mensural-ligature::brew-ligature-primitive	1	0	0	mensural-ligature.cc
callback	ly:mensural-ligature::print	1	0	0	mensural-ligature.cc
callback	ly:multi-measure-rest::height	1	0	0	multi-measure-rest.cc
callback	ly:multi-measure-rest::print	1	0	0	multi-measure-rest.cc
callback	ly:multi-measure-rest::set-spacing-rods	1	0	0	multi-measure-rest.cc
callback	ly:multi-measure-rest::set-text-rods	1	0	0	multi-measure-rest.cc
callback	ly:music-sequence::cumulative-length-callback	1	0	0	music-sequence.cc
callback	ly:music-sequence::event-chord-length-callback	1	0	0	music-sequence.cc
callback	ly:music-sequence::event-chord-relative-callback	2	0	0	music-sequence.cc
callback	ly:music-sequence::first-start-callback	1	0	0	music-sequence.cc
callback	ly:music-sequence::maximum-length-callback	1	0	0	music-sequence.cc
callback	ly:music-sequence::minimum-start-callback	1	0	0	music-sequence.cc
callback	ly:music-sequence::simultaneous-relative-callback	2	0	0	music-sequence.cc
callback	ly:music-wrapper::length-callback	1	0	0	music-wrapper.cc
callback	ly:music-wrapper::start-callback	1	0	0	music-wrapper.cc
callback	ly:music::duration-length-callback	1	0	0	music.cc
callback	ly:note-collision-interface::calc-positioning-done	1	0	0	note-collision.cc
callback	ly:note-column::calc-main-extent	1	0	0	note-column.cc
callback	ly:note-head::calc-stem-attachment	1	0	0	note-head.cc
callback	ly:note-head::calc-tab-stem-attachment	1	0	0	note-head.cc
callback	ly:note-head::include-ledger-line-height	1	0	0	note-head.cc
callback	ly:note-head::select-glyph	1	0	0	note-head.cc
callback	ly:note-head::stem-x-shift	1	0	0	note-head.cc
callback	ly:ottava-bracket::print	1	0	0	ottava-bracket.cc
callback	ly:paper-column::print	1	0	0	paper-column.cc
callback	ly:percent-repeat-interface::beat-slash	1	0	0	percent-repeat-interface.cc
callback	ly:percent-repeat-interface::double-percent	1	0	0	percent-repeat-interface.cc
callback	ly:percent-repeat-interface::percent	1	0	0	percent-repeat-interface.cc
callback	ly:piano-pedal-bracket::print	1	0	0	piano-pedal-bracket.cc
callback	ly:pure-from-neighbor-interface::calc-pure-relevant-grobs	1	0	0	pure-from-neighbor-interface.cc
callback	ly:relative-octave-check::relative-callback	2	0	0	relative-octave-check.cc
callback	ly:relative-octave-music::no-relative-callback	2	0	0	relative-octave-music.cc
callback	ly:relative-octave-music::relative-callback	2	0	0	relative-octave-music.cc
callback	ly:rest-collision::calc-positioning-done	1	0	0	rest-collision.cc
callback	ly:rest-collision::force-shift-callback-rest	2	0	0	rest-collision.cc
callback	ly:rest::calc-cross-staff	1	0	0	rest.cc
callback	ly:rest::height	1	0	0	rest.cc
callback	ly:rest::print	1	0	0	rest.cc
callback	ly:rest::pure-height	3	0	0	rest.cc
callback	ly:rest::width	1	0	0	rest.cc
callback	ly:rest::y-offset-callback	1	0	0	rest.cc
callback	ly:script-column::before-line-breaking	1	0	0	script-column.cc
callback	ly:script-column::row-before-line-breaking	1	0	0	script-column.cc
callback	ly:script-interface::calc-cross-staff	1	0	0	script-interface.cc
callback	ly:script-interface::calc-positioning-done	1	0	0	script-interface.cc
callback	ly:self-alignment-interface::aligned-on-x-parent	1	0	0	self-alignment-interface.cc
callback	ly:self-alignment-interface::aligned-on-y-parent	1	0	0	self-alignment-interface.cc
callback	ly:self-alignment-interface::centered-on-x-parent	1	0	0	self-alignment-interface.cc
callback	ly:self-alignment-interface::centered-on-y-parent	1	0	0	self-alignment-interface.cc
callback	ly:self-alignment-interface::pure-y-aligned-on-self	3	0	0	self-alignment-interface.cc
callback	ly:self-alignment-interface::x-aligned-on-self	1	0	0	self-alignment-interface.cc
callback	ly:self-alignment-interface::y-aligned-on-self	1	0	0	self-alignment-interface.cc
callback	ly:semi-tie-column::calc-head-direction	1	0	0	semi-tie-column.cc
callback	ly:semi-tie-column::calc-positioning-done	1	0	0	semi-tie-column.cc
callback	ly:semi-tie::calc-control-points	1	0	0	semi-tie.cc
callback	ly:separation-item::calc-skylines	1	0	0	separation-item.cc
callback	ly:side-position-interface::calc-cross-staff	1	0	0	side-position-interface.cc
callback	ly:side-position-interface::move-to-extremal-staff	1	0	0	side-position-interface.cc
callback	ly:side-position-interface::pure-y-aligned-side	4	0	0	side-position-interface.cc
callback	ly:side-position-interface::set-axis!	2	0	0	side-position-interface.cc
callback	ly:side-position-interface::x-aligned-side	2	0	0	side-position-interface.cc
callback	ly:side-position-interface::y-aligned-side	2	0	0	side-position-interface.cc
callback	ly:slur::calc-control-points	1	0	0	slur-scoring.cc
callback	ly:slur::calc-cross-staff	1	0	0	slur.cc
callback	ly:slur::calc-direction	1	0	0	slur.cc
callback	ly:slur::height	1	0	0	slur.cc
callback	ly:slur::outside-slur-callback	2	0	0	slur.cc
callback	ly:slur::outside-slur-cross-staff	2	0	0	slur.cc
callback	ly:slur::print	1	0	0	slur.cc
callback	ly:slur::pure-height	3	0	0	slur.cc
callback	ly:slur::pure-outside-slur-callback	4	0	0	slur.cc
callback	ly:spacing-spanner::calc-common-shortest-duration	1	0	0	spacing-spanner.cc
callback	ly:spacing-spanner::set-springs	1	0	0	spacing-spanner.cc
callback	ly:spanner::bounds-width	1	0	0	spanner.cc
callback	ly:spanner::calc-normalized-endpoints	1	0	0	spanner.cc
callback	ly:spanner::kill-zero-spanned-time	1	0	0	spanner.cc
callback	ly:spanner::set-spacing-rods	1	0	0	spanner.cc
callback	ly:staff-symbol-referencer::callback	1	0	0	staff-symbol-referencer.cc
callback	ly:staff-symbol::calc-line-positions	1	0	0	staff-symbol.cc
callback	ly:staff-symbol::height	1	0	0	staff-symbol.cc
callback	ly:staff-symbol::print	1	0	0	staff-symbol.cc
callback	ly:stem-tremolo::calc-cross-staff	1	0	0	stem-tremolo.cc
callback	ly:stem-tremolo::calc-direction	1	0	0	stem-tremolo.cc
callback	ly:stem-tremolo::calc-shape	1	0	0	stem-tremolo.cc
callback	ly:stem-tremolo::calc-slope	1	0	0	stem-tremolo.cc
callback	ly:stem-tremolo::calc-width	1	0	0	stem-tremolo.cc
callback	ly:stem-tremolo::calc-y-offset	1	0	0	stem-tremolo.cc
callback	ly:stem-tremolo::print	1	0	0	stem-tremolo.cc
callback	ly:stem-tremolo::pure-calc-y-offset	3	0	0	stem-tremolo.cc
callback	ly:stem-tremolo::pure-height	3	0	0	stem-tremolo.cc
callback	ly:stem-tremolo::width	1	0	0	stem-tremolo.cc
callback	ly:stem::calc-cross-staff	1	0	0	stem.cc
callback	ly:stem::calc-default-direction	1	0	0	stem.cc
callback	ly:stem::calc-direction	1	0	0	stem.cc
callback	ly:stem::calc-length	1	0	0	stem.cc
callback	ly:stem::calc-positioning-done	1	0	0	stem.cc
callback	ly:stem::calc-stem-begin-position	1	0	0	stem.cc
callback	ly:stem::calc-stem-end-position	1	0	0	stem.cc
callback	ly:stem::calc-stem-info	1	0	0	stem.cc
callback	ly:stem::extremal-heads	1	0	0	stem.cc
callback	ly:stem::height	1	0	0	stem.cc
callback	ly:stem::offset-callback	1	0	0	stem.cc
callback	ly:stem::print	1	0	0	stem.cc
callback	ly:stem::pure-calc-length	3	0	0	stem.cc
callback	ly:stem::pure-calc-stem-begin-position	3	0	0	stem.cc
callback	ly:stem::pure-calc-stem-end-position	3	0	0	stem.cc
callback	ly:stem::pure-height	3	0	0	stem.cc
callback	ly:stem::width	1	0	0	stem.cc
callback	ly:sustain-pedal::print	1	0	0	sustain-pedal.cc
callback	ly:system-start-delimiter::print	1	0	0	system-start-delimiter.cc
callback	ly:system::calc-pure-height	3	0	0	system.cc
callback	ly:system::calc-pure-relevant-grobs	1	0	0	system.cc
callback	ly:system::footnotes-after-line-breaking	1	0	0	system.cc
callback	ly:system::footnotes-before-line-breaking	1	0	0	system.cc
callback	ly:system::get-nonspaceable-staves	1	0	0	system.cc
callback	ly:system::get-spaceable-staves	1	0	0	system.cc
callback	ly:system::get-staves	1	0	0	system.cc
callback	ly:system::get-vertical-alignment	1	0	0	system.cc
callback	ly:system::height	1	0	0	system.cc
callback	ly:system::vertical-skyline-elements	1	0	0	system.cc
callback	ly:text-interface::grob-interpret-markup	2	0	0	text-interface.cc
callback	ly:text-interface::interpret-markup	3	0	0	text-interface.cc
callback	ly:text-interface::print	1	0	0	text-interface.cc
callback	ly:tie-column::before-line-breaking	1	0	0	tie-column.cc
callback	ly:tie-column::calc-positioning-done	1	0	0	tie-column.cc
callback	ly:tie::calc-control-points	1	0	0	tie.cc
callback	ly:tie::calc-direction	1	0	0	tie.cc
callback	ly:tie::print	1	0	0	tie.cc
callback	ly:tuplet-bracket::calc-cross-staff	1	0	0	tuplet-bracket.cc
callback	ly:tuplet-bracket::calc-direction	1	0	0	tuplet-bracket.cc
callback	ly:tuplet-bracket::calc-positions	1	0	0	tuplet-bracket.cc
callback	ly:tuplet-bracket::calc-x-positions	1	0	0	tuplet-bracket.cc
callback	ly:tuplet-bracket::print	1	0	0	tuplet-bracket.cc
callback	ly:tuplet-number::calc-x-offset	1	0	0	tuplet-number.cc
callback	ly:tuplet-number::calc-y-offset	1	0	0	tuplet-number.cc
callback	ly:tuplet-number::print	1	0	0	tuplet-number.cc
callback	ly:vaticana-ligature::brew-ligature-primitive	1	0	0	vaticana-ligature.cc
callback	ly:vaticana-ligature::print	1	0	0	vaticana-ligature.cc
callback	ly:volta-bracket-interface::print	1	0	0	volta-bracket.cc
callback	ly:vowel-transition::set-spacing-rods	1	0	0	vowel-transition.cc
callback	ly:alternative-sequence-iterator::constructor	0	0	0	alternative-sequence-iterator.cc
callback	ly:apply-context-iterator::constructor	0	0	0	apply-context-iterator.cc
callback	ly:change-iterator::constructor	0	0	0	change-iterator.cc
callback	ly:context-specced-music-iterator::constructor	0	0	0	context-specced-music-iterator.cc
callback	ly:event-chord-iterator::constructor	0	0	0	event-chord-iterator.cc
callback	ly:event-iterator::constructor	0	0	0	event-iterator.cc
callback	ly:fine-iterator::constructor	0	0	0	fine-iterator.cc
callback	ly:grace-iterator::constructor	0	0	0	grace-iterator.cc
callback	ly:initial-context-music-iterator::constructor	0	0	0	initial-context-music-iterator.cc
callback	ly:lyric-combine-music-iterator::constructor	0	0	0	lyric-combine-music-iterator.cc
callback	ly:measure-remainder-iterator::constructor	0	0	0	measure-remainder-iterator.cc
callback	ly:music-iterator::constructor	0	0	0	music-iterator.cc
callback	ly:music-wrapper-iterator::constructor	0	0	0	music-wrapper-iterator.cc
callback	ly:part-combine-iterator::constructor	0	0	0	part-combine-iterator.cc
callback	ly:percent-repeat-iterator::constructor	0	0	0	percent-repeat-iterator.cc
callback	ly:pop-property-iterator::constructor	0	0	0	property-iterator.cc
callback	ly:premeasure-iterator::constructor	0	0	0	premeasure-iterator.cc
callback	ly:property-iterator::constructor	0	0	0	property-iterator.cc
callback	ly:property-unset-iterator::constructor	0	0	0	property-iterator.cc
callback	ly:push-property-iterator::constructor	0	0	0	property-iterator.cc
callback	ly:quote-iterator::constructor	0	0	0	quote-iterator.cc
callback	ly:rhythmic-music-iterator::constructor	0	0	0	rhythmic-music-iterator.cc
callback	ly:sequential-iterator::constructor	0	0	0	sequential-iterator.cc
callback	ly:simple-music-iterator::constructor	0	0	0	simple-music-iterator.cc
callback	ly:simultaneous-music-iterator::constructor	0	0	0	simultaneous-music-iterator.cc
callback	ly:tuplet-iterator::constructor	0	0	0	tuplet-iterator.cc
callback	ly:volta-repeat-iterator::constructor	0	0	0	volta-repeat-iterator.cc
callback	ly:volta-specced-music-iterator::constructor	0	0	0	volta-specced-music-iterator.cc
