# Entry-point documentation, extracted from the LY_DEFINE and
# LY_DEFINE_WITH_SETTER macros of LilyPond v2.27.2
# (commit 2d621459bd44cb1758f822a69757242eab843060), lily/*.cc.
#
# Upstream registers these from the macro into a hash table
# (lily/function-documentation.cc:58) that ly:get-all-function-documentation
# hands to scm/document-functions.scm. The port's entry points are C#
# lambdas with nowhere to carry a docstring, so the data is carried here and
# registered at CreateInterpreter -- see FunctionDocumentation.cs.
#
# Columns: scheme-name, source, arglist, docstring.
# The arglist is stringified as the C preprocessor would leave #ARGLIST:
# every run of whitespace collapsed to one space. \n is a newline.
#
# THREE RULES DECIDE WHAT IS IN HERE, and each was added because taking the
# source at face value put something in the generated manual that the oracle
# does not have:
#
#   * A docstring may be a C++ RAW STRING LITERAL WITH A NON-EMPTY DELIMITER,
#     R"delim( ... )delim", which is how LilyPond writes any docstring that
#     contains a quotation mark. Reading only R"( ... )" leaves 'delim(' in
#     the text and drops every embedded quoted string.
#
#   * A SMOB TYPE PREDICATE is included only when its class actually derives
#     from a smob base (class OR struct -- Duration and Tuplet_description are
#     structs). Smob_base<T>::init() defines the predicate, so a class that
#     merely declares type_p_name_ never gets one: lily/include/box.hh does
#     exactly that, and the oracle answers #f to (defined? 'ly:box?).
#
#   * An entry point behind a build flag the oracle build does not set is
#     skipped -- #if GS_API, which is why ly:gs-api and ly:shutdown-gs are
#     absent here and unbound there.
#
# Regenerate with tools/table-extract/extract-entry-point-docs.py.
ly:add-context-mod	context-mod-scheme.cc	(SCM contextmods, SCM modification)	\nAdds the given context @var{modification} to the list @var{contextmods} of\ncontext modifications.\n           
ly:add-interface	grob-interface-scheme.cc	(SCM iface, SCM desc, SCM props)	\nAdd a new grob interface.  @var{iface} is the interface name, @var{desc} is the\ninterface description, and @var{props} is the list of user-settable properties\nfor the interface.\n           
ly:add-listener	dispatcher-scheme.cc	(SCM callback, SCM disp, SCM cl)	\nAdd the single-argument procedure @var{callback} as listener to the dispatcher\n@var{disp}.  Whenever @var{disp} hears an event of class @var{cl}, it calls\n@var{callback} with it.\n           
ly:add-option	program-option-scheme.cc	(SCM sym, SCM val, SCM description, SCM rest)	\nAdd program option @var{sym} with default value @var{val} and docstring\n@var{description}.\n\nLilyPond uses this function to define Scheme options available on the command\nline (given by @option{-d} or @option{--define-default}).\n\nAfter start-up, command-line Scheme options are provided to LilyPond by function\n@code{ly:command-line-options}, which returns a key-value alist where all values\nare Scheme strings.  Use the optional argument @code{#:type} to specify how such\na value string for key @var{sym} should be processed by @code{ly:set-option}.\n\n@itemize\n@item\nIf set to symbol @code{string}, don't do any further conversion and accept the\nvalue as a string.  This is also necessary if a potentially fitting type\npredicate gets defined after LilyPond's command-line option handling (for\nexample, @code{ly:duration?}).  In such cases, type checking should be performed\nmanually later on.\n\n@item\nIf set to symbol @code{string-or-boolean}, do the same as with @code{string} but\nconvert strings @code{"#f"} and @code{"#t"} to Boolean values.\n\n@item\nIf set to symbol @code{string-or-false}, do the same as with @code{string} but\nconvert a string value @code{"#f"} to Boolean value @code{#f}.\n\n@item\nIf set to a procedure, handle the value as a Scheme expression and use the\nprocedure as a predicate to check whether the value fits.  This is also the\ndefault behaviour if @code{#:type} is not set, using @code{boolean?} as the\nprocedure.\n\n@item\nIf set to a list, handle the value as a Scheme expression and check whether it\nis one of the list's elements (using @code{equal?} for the comparison test).\n@end itemize\n\n@q{Handling as a Scheme expression} means that the string gets passed to the\n@code{read} Scheme function, which stops reading after the first complete Scheme\nexpression has been parsed.  As a consequence, both strings @code{"foo"} and\n@code{"foo bar"} get converted to symbol @code{foo}, while a string\n@code{"(foo"} causes an error because the Scheme expression is not complete.\n\nPassing @code{#:internal? #t} makes the option an internal option, not\ndisplayed in the @command{lilypond -dhelp} output (but displayed in\n@command{lilypond -dhelp-internal}.\n\nPassing @code{#:accumulative? #t} makes the option accumulative,\nwhich gathers @option{-d} values in a list instead of letting the\nlast @option{-d} flag overwrite the others.\n           
ly:all-grob-interfaces	grob-interface-scheme.cc	()	\nReturn the hash table with all grob interface descriptions.\n           
ly:all-options	program-option-scheme.cc	()	\nGet all option settings in an alist.\n           
ly:all-stencil-expressions	stencil-scheme.cc	()	\nReturn all symbols recognized as stencil expressions.\n           
ly:angle	stencil-scheme.cc	(SCM x, SCM y)	\nCalculate angle in degrees of given vector.  With one argument, @var{x}@tie{}is\na number pair indicating the vector.  With two arguments, @var{x}\nand@tie{}@var{y} specify the respective coordinates.\n           
ly:append-to-option	program-option-scheme.cc	(SCM var, SCM val)	\nAdd value @var{val} to an accumulative program option @var{var}.\n\nSee also function @code{ly:add-option}.\n           
ly:assoc-get	general-scheme.cc	(SCM key, SCM alist, SCM default_value, SCM strict_checking)	\nReturn value if @var{key} in @var{alist}, else @var{default-value} (or\n@code{#f} if not specified).  If @var{strict-checking} is set to @code{#t} and\n@var{key} is not in @var{alist}, a programming error is output.\n           
ly:axis-group-interface::add-element	axis-group-interface-scheme.cc	(SCM grob, SCM grob_element)	\nAdd @var{grob-element} to the axis group @var{grob}.  In particular, @var{grob}\nbecomes parent to @var{grob-element} on all axes supported by @var{grob},\nunless the parents are already set.\n           
ly:base64-encode	general-scheme.cc	(SCM bv)	\nEncode the given bytevector as a base 64 string.\n           
ly:basic-progress	warn-scheme.cc	(SCM str, SCM rest)	\nA Scheme callable function to issue a basic progress message @var{str}.  The\nmessage is formatted with @code{format}; @var{rest} holds the formatting\narguments (if any).\n           
ly:bezier-extent	bezier-scheme.cc	(SCM control_points, SCM axis)	\nCompute the extent of the Bézier curve defined by @var{control-points}\nalong @var{axis}.\n           
ly:bezier-extract	bezier-scheme.cc	(SCM control_points, SCM t_min, SCM t_max)	\nReturn a sub-curve of the Bézier curve defined by\n@var{control-points}.  The sub-curve is delimited by the curve points\nindexed by @var{t-min} and @var{t-max} (between 0 and 1, 0 = first\ncontrol point, 1 = last control point).  A sub-curve of a Bézier curve\nis in turn a Bézier curve.\n           
ly:book-add-bookpart!	book-scheme.cc	(SCM book_smob, SCM book_part)	\nAdd @var{book-part} to @var{book-smob} book part list.\n           
ly:book-add-score!	book-scheme.cc	(SCM book_smob, SCM score)	\nAdd @var{score} to @var{book-smob} score list.\n           
ly:book-book-parts	book-scheme.cc	(SCM book)	\nReturn book parts in @var{book}.\n           
ly:book-header	book-scheme.cc	(SCM book)	\nReturn header in @var{book}.\n           
ly:book-paper	book-scheme.cc	(SCM book)	\nReturn paper in @var{book}.\n           
ly:book-process	book-scheme.cc	(SCM book_smob, SCM default_paper, SCM default_layout, SCM output)	\nPrint book.  @var{output} is passed to the backend unchanged.  For example, it\nmay be a string (for file based outputs) or a socket (for network based\noutput).\n           
ly:book-process-to-systems	book-scheme.cc	(SCM book_smob, SCM default_paper, SCM default_layout, SCM output)	\nPrint book.  @var{output} is passed to the backend unchanged.  For example, it\nmay be a string (for file based outputs) or a socket (for network based\noutput).\n           
ly:book-scores	book-scheme.cc	(SCM book)	\nReturn scores in @var{book}.\n           
ly:book-set-header!	book-scheme.cc	(SCM book, SCM module)	\nSet the book header.\n           
ly:book?	book-scheme.cc	(SCM x)	Is @var{x} a smob of class @code{Book}?
ly:bp	dimensions-scheme.cc	(SCM num)	\n@var{num} bigpoints (1/72th inch).\n           
ly:bracket	stencil-scheme.cc	(SCM a, SCM iv, SCM t, SCM p)	\nMake a bracket in direction@tie{}@var{a}.  The extent of the bracket is given\nby @var{iv}.  The wings protrude by an amount of@tie{}@var{p}, which may be\nnegative.  The thickness is given by@tie{}@var{t}.\n           
ly:break-alignment-interface::find-nonempty-break-align-group	break-alignment-interface.cc		\nFind the @code{BreakAlignGroup} with the given break-align-symbol in this\n@code{BreakAlignment}.  Return @code{#f} if there is no such group.  Also\nreturn @code{#f} if the group has empty @code{X-extent}, which can happen if\nit contains only omitted items.\n                                 
ly:broadcast	dispatcher-scheme.cc	(SCM disp, SCM ev)	\nSend the stream event @var{ev} to the dispatcher @var{disp}.\n           
ly:cairo-output-stencil	cairo.cc	(SCM basename, SCM stencil, SCM paper, SCM formats)	\ndump a single stencil through the Cairo backend\n           
ly:cairo-output-stencils	cairo.cc	(SCM basename, SCM stencils, SCM header, SCM paper, SCM formats)	\ndump book through cairo backend\n           
ly:camel-case->lisp-identifier	general-scheme.cc	(SCM name_sym)	\nConvert @code{FooBar_Bla} to @code{foo-bar-bla} style symbol.\n           
ly:chain-assoc-get	general-scheme.cc	(SCM key, SCM achain, SCM default_value, SCM strict_checking)	\nReturn value for @var{key} from a list of alists @var{achain}.  If no entry is\nfound, return @var{default-value} or @code{#f} if @var{default-value} is not\nspecified.  With @var{strict-checking} set to @code{#t}, a programming error is\noutput in such cases.\n           
ly:check-expected-warnings	warn-scheme.cc	()	\nCheck whether all expected warnings have really been triggered.\n           
ly:cm	dimensions-scheme.cc	(SCM num)	\n@var{num} cm.\n           
ly:command-line-code	program-option-scheme.cc	()	\nThe Scheme code specified on the command line with option @option{-e}.\n           
ly:command-line-options	program-option-scheme.cc	()	\nThe Scheme options specified on the command line with option @option{-d}.\n\nReturn a key-value alist, with keys being symbols and values being strings.\n           
ly:connect-dispatchers	dispatcher-scheme.cc	(SCM to, SCM from)	\nMake the dispatcher @var{to} listen to events from @var{from}.\n           
ly:context-alias?	context-scheme.cc	(SCM context, SCM name)	\nIs @var{name} the name or an alias of @var{context}?\n           
ly:context-children	context-scheme.cc	(SCM context)	\nReturn a list with the children contexts of @var{context}.\n           
ly:context-current-moment	context-scheme.cc	(SCM context)	\nReturn the current moment of @var{context}.\n           
ly:context-def-lookup	context-def.cc	(SCM def, SCM sym, SCM val)	\nReturn the value of @var{sym} in context definition @var{def} (e.g.,\n@code{\\Voice}).  If no value is found, return @var{val} or @code{'()} if\n@var{val} is undefined.  @var{sym} can be any of @samp{default-child},\n@samp{consists}, @samp{description}, @samp{aliases}, @samp{accepts},\n@samp{property-ops}, @samp{context-name}, @samp{group-type}.\n           
ly:context-def-modify	context-def.cc	(SCM def, SCM mod)	\nReturn the result of applying the context-mod @var{mod} to the context\ndefinition @var{def}.  Does not change @var{def}.\n           
ly:context-def?	context-def.cc	(SCM x)	Is @var{x} a smob of class @code{Context_def}?
ly:context-event-source	context-scheme.cc	(SCM context)	\nReturn @code{event-source} of @var{context}.\n           
ly:context-events-below	context-scheme.cc	(SCM context)	\nReturn a @code{stream-distributor} that distributes all events from\n@var{context} and all its subcontexts.\n           
ly:context-find	context-scheme.cc	(SCM context, SCM name)	\nFind a context with name or alias @var{name}, first considering @var{context}\nand then searching its ancestors.  Return @code{#f} if not found.\n           
ly:context-grob-definition	context-scheme.cc	(SCM context, SCM name)	\nReturn the definition of @var{name} (a symbol) within @var{context} as an\nalist.\n           
ly:context-id	context-scheme.cc	(SCM context)	\nReturn the ID string of @var{context}, i.e., for @code{\\context Voice = "one"\n@dots{}} return the string @code{one}.\n           
ly:context-matched-pop-property	context-scheme.cc	(SCM context, SCM grob, SCM cell)	\nThis undoes a particular @code{\\override}, @code{\\once \\override} or\n@code{\\once \\revert} when given the specific alist pair to undo.\n           
ly:context-mod-apply!	context-mod-scheme.cc	(SCM context, SCM mod)	\nApply the context modification @var{mod} to @var{context}.\n           
ly:context-mod?	context-mod.cc	(SCM x)	Is @var{x} a smob of class @code{Context_mod}?
ly:context-name	context-scheme.cc	(SCM context)	\nReturn the name of @var{context}, i.e., for @code{\\context Voice = "one"\n@dots{}} return the symbol @code{Voice}.\n           
ly:context-output-def	context-scheme.cc	(SCM context)	\nReturn the output definition of @var{context}.\n           
ly:context-parent	context-scheme.cc	(SCM context)	\nReturn the parent of @var{context}, @code{#f} if none.\n           
ly:context-property	context-scheme.cc	(SCM context, SCM name, SCM rest)	\nGet the value of property @var{name} visible in @var{context}.  The first\n@var{rest} argument may optionally be an alternative value to return when the\nproperty value is @code{'()}.  Following that, there may appear keyword options:\n\n@indentedblock\n@table @code\n@item #:default\nThe value to return when the property is not set.  When this option is absent,\nthe same value is returned as when the property value is @code{'()}.\n@item #:search-ancestors?\n@code{#f} limits the search to @var{context}.  The default is @code{#t}.\n@end table\n@end indentedblock\n                       
ly:context-property-where-defined	context-scheme.cc	(SCM context, SCM name, SCM def)	\nReturn the context above @var{context} where property @var{name} is defined, or\n@var{def} (defaulting to @code{'()}) if no such context is found.\n           
ly:context-pushpop-property	context-scheme.cc	(SCM context, SCM grob, SCM eltprop, SCM val)	\nDo @code{\\temporary \\override} or @code{\\revert} operation in @var{context}.\nThe grob definition @var{grob} is extended with @var{eltprop} (if @var{val} is\nspecified) or reverted (if unspecified).\n           
ly:context-schedule-moment	global-context-scheme.cc	(SCM context, SCM moment)	\nAdd @var{moment} (which must lie in the future) to the list of moments to\nprocess for the global context governing @var{context}.  This makes it possible\nfor translators (engravers, performers) to act at moments not directly created\nby user input.\n           
ly:context-set-property!	context-scheme.cc	(SCM context, SCM name, SCM val)	\nSet value of property @var{name} in @var{context} to @var{val}.\n           
ly:context-unset-property	context-scheme.cc	(SCM context, SCM name)	\nUnset value of property @var{name} in @var{context}.\n           
ly:context?	context.cc	(SCM x)	Is @var{x} a smob of class @code{Context}?
ly:debug	warn-scheme.cc	(SCM str, SCM rest)	\nA Scheme callable function to issue a debug message @var{str}.  The message is\nformatted with @code{format}; @var{rest} holds the formatting arguments (if\nany).\n           
ly:deprecation-warning	warn-scheme.cc	(SCM str, SCM rest)	\nIssue the warning @var{str} about the use of a deprecated feature.\n\nThe message is formatted with @code{format}; @var{rest} holds the formatting\narguments (if any).\n\nDuplicate warnings are suppressed.  Duplicates are recognized by the formatted\nmessage, not by the format string alone.  Including highly variable information\nin the message (e.g., the arguments passed to a deprecated function) will\ndefeat this check and consume more memory.  This function returns @code{#f} if\nit did not log the message.\n\nDo not use this function merely as a rate-limited warning.  There may be\nprogram options affecting the handling of deprecation warnings that are not\nappropriate for warnings in general.\n           
ly:dimension?	general-scheme.cc	(SCM d)	\nIs @var{d} a dimension?  Used to distinguish length variables from normal\nnumbers.\n           
ly:dir?	general-scheme.cc	(SCM s)	\nIs @var{s} a direction?  Valid directions are @w{@code{-1}}, @code{0},\nor@tie{}@code{1}, where @w{@code{-1}} represents left or down,\n@code{1}@tie{}represents right or up, and @code{0} represents a neutral\ndirection.\n           
ly:directed	stencil-scheme.cc	(SCM direction, SCM magnitude)	\nCalculate an @code{(x . y)} pair with optional @var{magnitude} (defaulting to\n@code{1.0}) and @var{direction} specified either as an angle in degrees or a\ncoordinate pair giving the direction.  If @var{magnitude} is a pair, the\nrespective coordinates are scaled independently, useful for ellipse drawings.\n           
ly:disconnect-dispatchers	dispatcher-scheme.cc	(SCM to, SCM from)	\nStop the dispatcher @var{to} listening to events from @var{from}.\n           
ly:dispatcher?	dispatcher.cc	(SCM x)	Is @var{x} a smob of class @code{Dispatcher}?
ly:duration->moment	duration-scheme.cc	(SCM dur)	\nConvert @var{dur} to a @code{moment} with no grace part.\n           
ly:duration->number	duration-scheme.cc	(SCM dur)	\nConvert @var{dur} to the equivalent number of whole notes.\n           
ly:duration->string	duration-scheme.cc	(SCM dur)	\nConvert @var{dur} to a string.\n           
ly:duration-compress	duration-scheme.cc	(SCM dur, SCM factor)	\nCompress @var{dur} by rational @var{factor}.\n           
ly:duration-dot-count	duration-scheme.cc	(SCM dur)	\nExtract the dot count from @var{dur}.\n           
ly:duration-factor	duration-scheme.cc	(SCM dur)	\nExtract the compression factor from @var{dur}.  Return it as a pair.\n           
ly:duration-log	duration-scheme.cc	(SCM dur)	\nExtract the duration log from @var{dur}.\n           
ly:duration-scale	duration-scheme.cc	(SCM dur)	\nExtract the compression factor from @var{dur}.  Return it as a rational.\n           
ly:duration<?	duration-scheme.cc	(SCM p1, SCM p2)	\nIs @var{p1} shorter than @var{p2}?\n           
ly:duration?	duration.cc	(SCM x)	Is @var{x} a smob of class @code{Duration}?
ly:effective-prefix	general-scheme.cc	()	\nReturn the top-level directory of LilyPond's data tree.\n\nFor example, if LilyPond Scheme files are stored in directory\n@file{/foo/bar/scm} and PS files in @file{/foo/bar/ps}, the effective prefix\nis @file{/foo/bar}.\n           
ly:engraver-announce-end-grob	engraver-scheme.cc	(SCM engraver, SCM grob, SCM cause)	\nAnnounce the end of a grob (i.e., the end of a spanner) originating from given\n@var{engraver} instance, with @var{grob} being a grob.  @var{cause} should\neither be another grob or a music event.\n           
ly:engraver-make-grob	engraver-scheme.cc	(SCM engraver, SCM grob_name, SCM cause)	\nCreate a grob originating from given @var{engraver} instance, with given\n@var{grob-name}, a symbol.  @var{cause} should either be another grob or a\nmusic event.\n           
ly:engraver-make-item	engraver-scheme.cc	(SCM engraver, SCM grob_name, SCM cause)	\nSame as @code{ly:engraver-make-grob}, but always create a grob with the\n@code{Item} class.  This is useful when the same grob definition is used to\ncreate grobs of differing classes.\n           
ly:engraver-make-spanner	engraver-scheme.cc	(SCM engraver, SCM grob_name, SCM cause)	\nSame as @code{ly:engraver-make-grob}, but always create a grob with the\n@code{Spanner} class.  This is useful when the same grob definition is used to\ncreate grobs of differing classes.\n           
ly:engraver-make-sticky	engraver-scheme.cc	(SCM engraver, SCM grob_name, SCM host, SCM cause)	\nUtility function to create a grob sticking to another grob.  This acts like\neither @code{ly:@/engraver-make-item} or @code{ly:@/engraver-make-spanner},\ndepending on the class of the host.  Additionally, the host is made the parent\nof the newly created sticky grob on the y@tie{}axis and, for items, on the\nx@tie{}axis.  Sticky spanners take their bounds from their host and their end\nis announced with the end of the host.\n\n Sticky grobs must have the @code{sticky-grob-interface} interface, see\n@rinternals{sticky-grob-interface}.\n           
ly:error	warn-scheme.cc	(SCM str, SCM rest)	\nA Scheme callable function to issue the error @var{str}.  The error is\nformatted with @code{format}; @var{rest} holds the formatting arguments (if\nany).\n           
ly:event-deep-copy	stream-event-scheme.cc	(SCM m)	\nCopy @var{m} and all sub-expressions of@tie{}@var{m}.\n           
ly:event-length	stream-event-scheme.cc	(SCM event, SCM moment)	\nReturn the length of a stream event. If @code{moment} is not given, this is just\nthe event's @code{length} property.  If @code{moment} is given and is an in-grace\nmoment (i.e. having non-zero, usually negative, grace part), then the length of\nthe stream event is returned as a grace-only moment.  In any case, thus, the\neffective length of the stream event when happening at @code{moment} is returned.\n           
ly:event-property	stream-event-scheme.cc	(SCM sev, SCM sym, SCM val)	\nGet the property @var{sym} of stream event @var{sev}.  If @var{sym} is\nundefined, return @var{val} or @code{'()} if @var{val} is not specified.\n           
ly:event-set-property!	stream-event-scheme.cc	(SCM ev, SCM sym, SCM val)	\nSet property @var{sym} in event @var{ev} to @var{val}.\n           
ly:event?	music-scheme.cc	(SCM obj)	\nIs @var{obj} a proper (non-rhythmic) @code{Event} object?\n           
ly:expect-warning	warn-scheme.cc	(SCM str, SCM rest)	\nRegister @var{str} as an expected warning that should be suppressed.\n\nIf this Scheme-callable function does not encounter the given warning, a\nwarning about the missing warning is shown.  If the same warning occurs\nmultiple times, this function must be called multiple times, too.\n\n@var{str} should usually be tagged as being translated with @code{(G_ ...)},\nand @var{rest} holds the expected parameter values.\n\nExample:\n\n@example\n(ly:expect-warning (G_ "Bar number is ~a; expected ~a") 3 15)\n@end example\n\nIt is also possible to use a truncated version of the expected warning as\nthe value for @var{str} (i.e., the beginning of the two strings must match).\nHowever, it is recommended to compare @var{str} with the full message to\navoid potential hits with other, almost identical warnings.\n           
ly:extract-subfont-from-collection	open-type-font-scheme.cc	(SCM collection_file_name, SCM idx, SCM subfont_file_name)	\nExtract the subfont of index @var{idx} in TrueType collection (TTC) or\nOpenType/CFF collection (OTC) file @var{collection-file-name} and write it to\nfile @var{subfont-file-name}.\n           
ly:find-file	general-scheme.cc	(SCM name, SCM strict)	\nReturn the absolute file name of @var{name}.  By default, if\nthe file is not found, return @code{#f}.  If the optional parameter\n@var{strict} is passed as @code{#t}, raise an error in this case\ninstead.\n           
ly:font-config-add-directory	font-config-scheme.cc	(SCM dir)	\nAdd directory @var{dir} to FontConfig.\n           
ly:font-config-add-font	font-config-scheme.cc	(SCM font)	\nAdd font @var{font} to FontConfig.\n           
ly:font-config-display-fonts	font-config-scheme.cc	(SCM port)	\nList all fonts visible to FontConfig, together with directory information.\n\nOptional argument @var{port} selects the output port; the default is\n@code{(current-error-port)}.\n           
ly:font-config-get-font-file	font-config-scheme.cc	(SCM name)	\nGet the file for font @var{name}, as found by FontConfig.\n           
ly:font-design-size	font-metric-scheme.cc	(SCM font)	\nGiven the font metric @var{font}, return the design size, relative to the\ncurrent @code{output-scale}.\n           
ly:font-file-name	font-metric-scheme.cc	(SCM font)	\nGiven the font metric @var{font}, return the corresponding file name.\n           
ly:font-get-glyph	font-metric-scheme.cc	(SCM font, SCM name)	\nReturn a stencil from @var{font} for the glyph named @var{name}.  If the glyph\nis not available, return an empty stencil.\n\nNote that this command can only be used to access glyphs from fonts loaded with\n@code{ly:system-font-load}; currently, this means either the Emmentaler or\nEmmentaler-Brace  fonts, corresponding to the font encodings @code{fetaMusic}\nand @code{fetaBraces}, respectively.\n           
ly:font-glyph-name-to-index	font-metric-scheme.cc	(SCM font, SCM name)	\nReturn the index for @var{name} in @var{font}.\n\nNote that this command can only be used to access glyphs from fonts loaded with\n@code{ly:system-font-load}; currently, this means either the Emmentaler or\nEmmentaler-Brace fonts, corresponding to the font encodings @code{fetaMusic}\nand @code{fetaBraces}, respectively.\n           
ly:font-index-to-charcode	font-metric-scheme.cc	(SCM font, SCM index)	\nReturn the character code for @var{index} in @var{font}.\n\nNote that this command can only be used to access glyphs from fonts loaded with\n@code{ly:system-font-load}; currently, this means either the Emmentaler or\nEmmentaler-Brace fonts, corresponding to the font encodings @code{fetaMusic}\nand @code{fetaBraces}, respectively.\n           
ly:font-magnification	font-metric-scheme.cc	(SCM font)	\nGiven the font metric @var{font}, return the magnification, relative to the\ncurrent @code{output-scale}.\n           
ly:font-metric?	font-metric.cc	(SCM x)	Is @var{x} a smob of class @code{Font_metric}?
ly:font-name	font-metric-scheme.cc	(SCM font)	\nGiven the font metric @var{font}, return the corresponding name.\n           
ly:format	general-scheme.cc	(SCM str, SCM rest)	\nLilyPond specific format function, supporting @code{~a} and @code{~[0-9]f}.\nBasic support for @code{~s} is also provided.\n           
ly:format-output	global-context-scheme.cc	(SCM context)	\nGiven a global context in its final state, process it and return the\n@code{Music_output} object in its final state.\n           
ly:generic-bound-extent	axis-group-interface-scheme.cc	(SCM grob, SCM common)	\nDetermine the extent of @var{grob} relative to @var{common} along the\nx@tie{}axis, finding its extent as a bound when it a has\n@code{bound-alignment-interfaces} property list set and otherwise the full\nextent.\n           
ly:get-all-function-documentation	function-documentation.cc	()	\nGet a hash table with all LilyPond Scheme extension functions.\n           
ly:get-all-translators	translator-ctors.cc	()	\nReturn a list of all translator objects that may be instantiated.\n           
ly:get-cff-offset	open-type-font-scheme.cc	(SCM font_file_name, SCM idx)	\nGet the offset of the `CFF' table for @var{font-file-name}, returning it as an\ninteger.  The optional @var{idx} argument is useful for OpenType/CFF\ncollections (OTC) only; it specifies the font index within the OTC.  The\ndefault value of @var{idx} is@tie{}0.\n           
ly:get-context-mods	context-mod-scheme.cc	(SCM contextmod)	\nReturns the list of context modifications stored in @var{contextmod}.\n           
ly:get-font-format	open-type-font-scheme.cc	(SCM font_file_name, SCM idx)	\nGet the font format for @var{font-file-name}, returning it as a symbol.  The\noptional @var{idx} argument is useful for TrueType Collections (TTC) and\nOpenType/CFF collections (OTC) only; it specifies the font index within the\nTTC/OTC. The default value of @var{idx} is@tie{}0.\n           
ly:get-option	program-option-scheme.cc	(SCM var)	\nGet a global option setting.\n           
ly:get-spacing-spec	page-layout-problem-scheme.cc	(SCM from_scm, SCM to_scm)	\nReturn the spacing spec going between the two given grobs, @var{from-scm} and\n@var{to-scm}.\n           
ly:grob-alist-chain	grob-scheme.cc	(SCM grob, SCM global)	\nGet an alist chain for grob @var{grob}, with @var{global} as the global\ndefault.  If unspecified, there is no global default.\n           
ly:grob-array->list	grob-array-scheme.cc	(SCM grob_arr)	\nReturn the elements of @var{grob-arr} as a Scheme list.\n           
ly:grob-array-filter	grob-array-scheme.cc	(SCM predicate, SCM grob_arr)	\nLike @code{filter}, return a new grob array containing the elements of\n@var{grob-arr} that satisfy @var{predicate}.  Order is preserved.\n           
ly:grob-array-length	grob-array-scheme.cc	(SCM grob_arr)	\nReturn the length of @var{grob-arr}.\n           
ly:grob-array-ref	grob-array-scheme.cc	(SCM grob_arr, SCM index)	\nRetrieve the @var{index}th element of @var{grob-arr}.\n           
ly:grob-array?	grob-array.cc	(SCM x)	Is @var{x} a smob of class @code{Grob_array}?
ly:grob-basic-properties	grob-scheme.cc	(SCM grob)	\nGet the immutable properties of @var{grob}.\n           
ly:grob-chain-callback	grob-scheme.cc	(SCM grob, SCM proc, SCM sym)	\nFind the callback that is stored as property @var{sym} of grob @var{grob} and\nchain @var{proc} to the head of this, meaning that it is called using\n@var{grob} and the previous callback's result.\n           
ly:grob-common-refpoint	grob-scheme.cc	(SCM grob, SCM other, SCM axis)	\nFind the common refpoint of @var{grob} and @var{other} for @var{axis}.\n           
ly:grob-common-refpoint-of-array	grob-scheme.cc	(SCM grob, SCM others, SCM axis)	\nFind the common refpoint of @var{grob} and @var{others} (a grob-array) for\n@var{axis}.\n           
ly:grob-default-font	grob-scheme.cc	(SCM grob)	\nReturn the default font for grob @var{grob}.\n           
ly:grob-extent	grob-scheme.cc	(SCM grob, SCM refp, SCM axis)	\nGet the extent in @var{axis} direction of @var{grob} relative to the grob\n@var{refp}.\n           
ly:grob-get-vertical-axis-group-index	grob-scheme.cc	(SCM grob)	\nGet the index of the vertical axis group the grob @var{grob} belongs to; return\n@code{-1} if none is found.\n           
ly:grob-interfaces	grob-scheme.cc	(SCM grob)	\nReturn the interfaces list of grob @var{grob}.\n           
ly:grob-layout	grob-scheme.cc	(SCM grob)	\nGet @code{\\layout} definition from grob @var{grob}.\n           
ly:grob-list->grob-array	grob-array-scheme.cc	(SCM grob_list)	\nConvert a Scheme list of grobs to a grob array.\n           
ly:grob-object	grob-scheme.cc	(SCM grob, SCM sym, SCM val)	\nReturn the value of a pointer in grob @var{grob} of property @var{sym}.  When\n@var{sym} is undefined in @var{grob}, it returns @var{val} if specified or\n@code{'()} (end-of-list) otherwise.  The kind of properties this taps into\ndiffers from regular properties.  It is used to store links between grobs,\neither grobs or grob arrays.  For instance, a note head has a @code{stem}\nproperty, the stem grob it belongs to.  Just after line breaking, all those\ngrobs are scanned and replaced by their relevant broken versions when\napplicable.\n                       
ly:grob-original	grob-scheme.cc	(SCM grob)	\nReturn the unbroken original grob of @var{grob}, @var{grob} may be an item or\nspanner.\n           
ly:grob-parent	grob-scheme.cc	(SCM grob, SCM axis, SCM def)	\nGet the parent of @var{grob}.  @var{axis} is @code{0} for the x@tie{}axis,\n@code{1}@tie{}for the y@tie{}axis.  If @var{grob} has no parent on this\naxis (yet), return @var{def}, or @code{'()} if @var{def} is not specified.\n                       
ly:grob-pq<?	grob-pq-engraver.cc	(SCM a, SCM b)	\nCompare two grob priority queue entries.  This is an internal function.\n           
ly:grob-properties?	context-property.cc	(SCM x)	Is @var{x} a smob of class @code{Grob_properties}?
ly:grob-property	grob-scheme.cc	(SCM grob, SCM sym, SCM val)	\nReturn the value for property @var{sym} of @var{grob}.  If no value is found,\nreturn @var{val} or @code{'()} if @var{val} is not specified.\n                       
ly:grob-property-data	grob-scheme.cc	(SCM grob, SCM sym)	\nReturn the value for property @var{sym} of @var{grob}, but do not process\ncallbacks.\n           
ly:grob-pure-height	grob-scheme.cc	(SCM grob, SCM refp, SCM beg, SCM end, SCM val)	\nReturn the pure height of @var{grob} given refpoint @var{refp}.  If no value is\nfound, return @var{val} or @code{'()} if @var{val} is not specified.\n           
ly:grob-pure-property	grob-scheme.cc	(SCM grob, SCM sym, SCM beg, SCM end, SCM val)	\nReturn the pure value for property @var{sym} of @var{grob}.  If no value is\nfound, return @var{val} or @code{'()} if @var{val} is not specified.\n           
ly:grob-pure-relative-coordinate	grob-scheme.cc	(SCM grob, SCM refp, SCM start, SCM end)	\nReturn the pure vertical coordinate of @var{grob} relative to\n@var{refp} between @var{start} and @var{end}.\n           
ly:grob-relative-coordinate	grob-scheme.cc	(SCM grob, SCM refp, SCM axis)	\nGet the coordinate in @var{axis} direction of @var{grob} relative to the grob\n@var{refp}.\n           
ly:grob-robust-relative-extent	grob-scheme.cc	(SCM grob, SCM refp, SCM axis)	\nGet the extent in @var{axis} direction of @var{grob} relative to the grob\n@var{refp}, or @code{(0,0)} if empty.\n           
ly:grob-script-priority-less	script-column.cc	(SCM a, SCM b)	\nCompare two grobs by script priority.  For internal use.\n           
ly:grob-set-nested-property!	grob-scheme.cc	(SCM grob, SCM symlist, SCM val)	\nSet nested property @var{symlist} in grob @var{grob} to value @var{val}.\n           
ly:grob-set-object!	grob-scheme.cc	(SCM grob, SCM sym, SCM val)	\nSet @var{sym} in grob @var{grob} to value @var{val}.\n           
ly:grob-set-parent!	grob-scheme.cc	(SCM grob, SCM axis, SCM parent_grob)	\nSet @var{parent-grob} as the parent of grob @var{grob} in axis @var{axis}.\n           
ly:grob-set-property!	grob-scheme.cc	(SCM grob, SCM sym, SCM val)	\nSet @var{sym} in grob @var{grob} to value @var{val}.\n           
ly:grob-spanned-column-rank-interval	grob-scheme.cc	(SCM grob)	\nReturn a pair with the @code{rank} of the furthest left column and the\n@code{rank} of the furthest right column spanned by @code{grob}.\n           
ly:grob-staff-position	staff-symbol-referencer-scheme.cc	(SCM sg)	\nReturn the y@tie{}position of @var{sg} relative to the staff.\n           
ly:grob-suicide!	grob-scheme.cc	(SCM grob)	\nKill @var{grob}.\n           
ly:grob-system	grob-scheme.cc	(SCM grob)	\nReturn the system grob of @var{grob}.\n           
ly:grob-translate-axis!	grob-scheme.cc	(SCM grob, SCM d, SCM a)	\nTranslate @var{grob} on axis@tie{}@var{a} over distance@tie{}@var{d}.\n           
ly:grob-vertical<?	grob-scheme.cc	(SCM a, SCM b)	\nDoes @var{a} lie above @var{b} on the page?\n           
ly:grob?	grob-smob.cc	(SCM x)	Is @var{x} a smob of class @code{Grob}?
ly:has-glyph-names?	open-type-font-scheme.cc	(SCM font_file_name, SCM idx)	\nDoes the font for @var{font-file-name} have glyph names?  The optional\n@var{idx} argument is useful for TrueType Collections (TTC) and OpenType/CFF\ncollections (OTC) only; it specifies the font index within the TTC/OTC.  The\ndefault value of @var{idx} is@tie{}0.\n           
ly:hash-table-keys	general-scheme.cc	(SCM tab)	\nReturn a list of keys in @var{tab}.\n           
ly:inch	dimensions-scheme.cc	(SCM num)	\n@var{num} inches.\n           
ly:input-both-locations	input-scheme.cc	(SCM sip)	\nReturn input location in @var{sip} as\n@example\n(file-name first-line first-column last-line last-column)\n@end example\n           
ly:input-file-line-char-column	input-scheme.cc	(SCM sip)	\nReturn input location in @var{sip} as @code{(file-name line char column)}.\n           
ly:input-location?	input-smob.cc	(SCM x)	Is @var{x} a smob of class @code{Input}?
ly:input-message	input-scheme.cc	(SCM sip, SCM msg, SCM rest)	\nPrint @var{msg} as a GNU compliant error message, pointing to the location in\n@var{sip}.  @var{msg} is interpreted similar to @code{format}'s argument, using\n@var{rest}.\n           
ly:input-warning	input-scheme.cc	(SCM sip, SCM msg, SCM rest)	\nPrint @var{msg} as a GNU compliant warning message, pointing to the location in\n@var{sip}.  @var{msg} is interpreted similar to @code{format}'s argument, using\n@var{rest}.\n           
ly:interpret-music-expression	global-context-scheme.cc	(SCM mus, SCM ctx)	\nInterpret the music expression @var{mus} in the global context @var{ctx}.  The\ncontext is returned in its final state.\n           
ly:intlog2	duration-scheme.cc	(SCM d)	\nThe 2-logarithm of 1/@var{d}.\n           
ly:item-break-dir	item-scheme.cc	(SCM it)	\nThe break status direction of item @var{it}.  @w{@code{-1}} means end of line,\n@code{0}@tie{}unbroken, and @code{1}@tie{}beginning of line.\n           
ly:item-get-column	item-scheme.cc	(SCM it)	\nReturn the @code{PaperColumn} or @code{NonMusicalPaperColumn} associated with\nthis @code{Item}.\n           
ly:item?	item-scheme.cc	(SCM g)	\nIs @var{g} an @code{Item} object?\n           
ly:iterator?	music-iterator.cc	(SCM x)	Is @var{x} a smob of class @code{Music_iterator}?
ly:length	stencil-scheme.cc	(SCM x, SCM y)	\nCalculate magnitude of given vector.  With one argument, @var{x}@tie{}is a\nnumber pair indicating the vector.  With two arguments,\n@var{x}@tie{}and@tie{}@var{y} specify the respective coordinates.\n           
ly:lily-lexer?	lily-lexer.cc	(SCM x)	Is @var{x} a smob of class @code{Lily_lexer}?
ly:lily-parser?	lily-parser.cc	(SCM x)	Is @var{x} a smob of class @code{Lily_parser}?
ly:line-interface::line	line-interface-scheme.cc	(SCM grob, SCM startx, SCM starty, SCM endx, SCM endy)	\nMake a line using layout information from grob @var{grob}.\n           
ly:listened-event-class?	dispatcher-scheme.cc	(SCM disp, SCM cl)	\nDoes @var{disp} listen to any event type in the list @var{cl}?\n           
ly:listened-event-types	dispatcher-scheme.cc	(SCM disp)	\nReturn a list of all event types that @var{disp} listens to.\n           
ly:listener?	listener.cc	(SCM x)	Is @var{x} a smob of class @code{Listener}?
ly:make-book	book-scheme.cc	(SCM paper, SCM header, SCM scores)	\nMake a @code{\\book} of @var{paper} and @var{header} (which may be @code{#f} as\nwell) containing @code{\\score}s.\n           
ly:make-book-part	book-scheme.cc	(SCM scores)	\nMake a @code{\\bookpart} containing @code{\\score}s.\n           
ly:make-context-mod	context-mod-scheme.cc	(SCM mod_list)	\nCreate a context modification, optionally initialized via the list of\nmodifications @var{mod-list}.\n           
ly:make-dispatcher	dispatcher-scheme.cc	()	\nReturn a newly created dispatcher.\n           
ly:make-duration	duration-scheme.cc	(SCM length, SCM dotcount, SCM num, SCM den)	\nMake a duration.  @var{length} is the negative logarithm (base@tie{}2) of the\nduration: 1@tie{}is a half note, 2@tie{}is a quarter note, 3@tie{}is an eighth\nnote, etc.  The number of dots after the note is given by the optional argument\n@var{dotcount}.\n\nThe duration factor is optionally given by integers @var{num} and @var{den},\nalternatively by a single rational number.\n\nA duration is a musical duration, i.e., a length of time described by a power\nof two (whole, half, quarter, etc.) and a number of augmentation dots.\n           
ly:make-global-context	global-context-scheme.cc	(SCM output_def)	\nSet up a global interpretation context, using the output block\n@var{output-def}.  The context is returned.\n           
ly:make-global-translator	global-context-scheme.cc	(SCM global)	\nCreate a translator group and connect it to the global context @var{global}.\nThe translator group is returned.\n           
ly:make-grob-properties	context-property.cc	(SCM alist)	\nPackage the given property list @var{alist} in a grob property container stored\nin a context property with the name of a grob.\n           
ly:make-moment	moment-scheme.cc	(SCM m, SCM g, SCM gn, SCM gd)	\nCreate a moment with rational main timing @var{m}, and optional grace timing\n@var{g}.\n\nA @dfn{moment} is a point in musical time.  It consists of a pair of rationals\n@w{(@var{m}, @var{g})}, where @var{m} is the timing for the main notes, and\n@var{g} the timing for grace notes.  In absence of grace notes, @var{g}@tie{}is\nzero.\n\nFor compatibility reasons, it is possible to write two numbers specifying\nnumerator and denominator instead of the rationals.  These forms cannot be\nmixed, and the two-argument form is disambiguated by the sign of the second\nargument: if it is positive, it can only be a denominator and not a grace\ntiming.\n           
ly:make-music	music-scheme.cc	(SCM props)	\nMake a C++ @code{Music} object and initialize it with @var{props}.\n\nThis function is for internal use and is only called by @code{make-music},\nwhich is the preferred interface for creating music objects.\n           
ly:make-music-function	music-function-scheme.cc	(SCM signature, SCM func)	\nMake a function to process music, to be used for the parser.  @var{func} is the\nfunction, and @var{signature} describes its arguments.  @var{signature}'s cdr\nis a list containing either @code{ly:music?} predicates or other type\npredicates.  Its car is the syntax function to call.\n           
ly:make-music-relative!	music-scheme.cc	(SCM music, SCM pitch)	\nMake @var{music} relative to @var{pitch}, return final pitch.\n           
ly:make-output-def	output-def-scheme.cc	()	\nMake an output definition.\n           
ly:make-page-label-marker	page-marker-scheme.cc	(SCM label)	\nReturn page marker with label @var{label}.\n           
ly:make-page-permission-marker	page-marker-scheme.cc	(SCM symbol, SCM permission)	\nReturn page marker with page breaking and turning permissions.\n           
ly:make-paper-outputter	paper-outputter-scheme.cc	(SCM port, SCM alist, SCM default_callback)	\nCreate an outputter dumping to @var{port}.  @var{alist} should map symbols to\nprocedures.  See file @file{output-ps.scm} for an example.  If\n@var{default-callback} is given, it is called for unsupported expressions.\n           
ly:make-pitch	pitch-scheme.cc	(SCM octave, SCM note, SCM alter)	\nMake a pitch.  @var{octave} is specified by an integer, zero for the octave\ncontaining middle@tie{}C.  @var{note} is a number indexing the global default\nscale, with 0 corresponding to pitch@tie{}C and 6 usually corresponding to\npitch@tie{}B.  Optional @var{alter} is a rational number of 200-cent whole\ntones for alteration.\n           
ly:make-prob	prob-scheme.cc	(SCM type, SCM init, SCM rest)	\nCreate a @code{Prob} object.\n           
ly:make-rand-seed	lily-random.cc	()	\nCreate seed value for initialization of a pseudo-random generator by\ncombining output from a high-resolution clock with the current\nprocess id.\n           
ly:make-regex	glib-regex-scheme.cc	(SCM pattern)	\nConstruct a new regular expression object.\n\nNote that regular expressions created with this function are distinct from Guile\nnative regular expressions (the latter don't fully support Unicode). They should\nbe used with @code{ly:regex-@dots{}} functions.\n\nThe full reference for the supported regular expression syntax\ncan be read at\n@uref{https://www.pcre.org/original/doc/html/pcrepattern.html}.\n           
ly:make-rotation	transform-scheme.cc	(SCM angle, SCM center)	\nMake a transform rotating by @var{angle} in degrees.  If @var{center} is given\nas a pair of coordinates, it is the center of the rotation, otherwise the\nrotation is around @w{(0, 0)}.\n           
ly:make-scale	scale.cc	(SCM steps)	\nCreate a scale.  The argument is a vector of rational numbers, each of which\nrepresents the number of 200-cent tones of a pitch above the tonic.\n           
ly:make-scaling	transform-scheme.cc	(SCM scale, SCM scaley)	\nCreate a scaling transform from argument @var{scale} and optionally\n@var{scaley}.  When both arguments are given, they must be real and give the\nscale in x and y@tie{}direction.  If only @var{scale} is given, it may also be\ncomplex to indicate a scaled rotation in the manner of complex number\nrotations, or a pair of reals for specifying different scales in x and\ny@tie{}direction like with the first calling convention.\n           
ly:make-score	score-scheme.cc	(SCM music)	\nEncapsulate @var{music} into a score smob.\n\nThis is a low-level function that does no preprocessing.  You might be\nlooking for function @code{scorify-music} instead, which also preprocesses\n@var{music}.\n           
ly:make-skyline	skyline-scheme.cc	(SCM segments, SCM axis, SCM direction)	\nCreate a new skyline from a list of segments.  A skyline is an object\nrepresenting an outline along a @q{horizon axis}, much like a city skyline.\nThe argument @var{segments} is a list of segments.  A segment has the\nform @code{'((x1 . y1) . (x2 . y2))}.  The resulting skyline, viewed on\nthe given @var{axis}, has a builing joining these two points for each segment.\n@var{x1}, @var{y1}, @var{x2}, @var{y2} may be infinite.  The buildings\ncan be given in any order, and overlap.\n           
ly:make-spring	spring-smob.cc	(SCM ideal, SCM min_dist)	\nMake a spring.  @var{ideal} is the ideal distance of the spring, and\n@var{min-dist} is the minimum distance.\n           
ly:make-stencil	stencil-scheme.cc	(SCM expr, SCM xext, SCM yext)	\nStencils are device independent output expressions.  They carry two pieces of\ninformation:\n\n@enumerate\n@item\nA specification of how to print this object.  This specification is processed\nby the output backends, for example @file{scm/output-ps.scm}.\n\n@item\nThe vertical and horizontal extents of the object, given as pairs.  If an\nextent is unspecified (or if you use @code{empty-interval} as its value), it is\ntaken to be empty.\n@end enumerate\n           
ly:make-stream-event	stream-event-scheme.cc	(SCM cl, SCM proplist)	\nCreate a stream event of class @var{cl} with the given mutable property list.\n           
ly:make-tmpfile-name	lily-random.cc	(SCM filename)	\nReturn @var{filename}, suffixed by a randomly generated, hexadecimal id.\n           
ly:make-transform	transform-scheme.cc	(SCM xx, SCM yx, SCM xy, SCM yy, SCM x0, SCM y0)	\nCreate a transform.  Without options, it is the identity transform.  Given four\narguments @var{xx}, @var{yx}, @var{xy}, and @var{yy}, it is a linear transform.\nGiven six arguments (with @var{x0} and @var{y0} last), it is an affine\ntransform.\n\nTransforms can be called as functions on other transforms (concatening them) or\non points given either as complex number or real number pair.  See also\n@code{ly:make-rotation}, @code{ly:make-scaling}, and\n@code{ly:make-translation}.\n           
ly:make-translation	transform-scheme.cc	(SCM x, SCM y)	\nMake a transform translating by @var{x} and @var{y}. If only @var{x} is given,\nit can also be a complex number or a pair of numbers indicating the offset to\nuse.\n           
ly:make-unpure-pure-container	unpure-pure-container.cc	(SCM unpure, SCM pure)	\nMake an unpure-pure container.  @var{unpure} should be an unpure expression,\nand @var{pure} should be a pure expression.  If @var{pure} is omitted, the\nvalue of @var{unpure} will be used twice, except that a callback is given two\nextra arguments that are ignored for the sake of pure calculations.\n           
ly:message	warn-scheme.cc	(SCM str, SCM rest)	\nA Scheme callable function to issue the message @var{str}.  The message is\nformatted with @code{format}; @var{rest} holds the formatting arguments (if\nany).\n           
ly:minimal-breaking	page-breaking-scheme.cc	(SCM paper_book)	\nBreak (pages and lines) the @code{Paper_book} object @var{paper-book} without\nlooking for optimal spacing: stack as many lines on a page before moving to the\nnext one.\n           
ly:mm	dimensions-scheme.cc	(SCM num)	\n@var{num} mm.\n           
ly:module->alist	ly-module.cc	(SCM mod)	\nDump the contents of module @var{mod} as an alist.\n           
ly:module-copy	module-scheme.cc	(SCM dest, SCM src)	\nCopy all bindings from module @var{src} into @var{dest}.\n           
ly:modules-lookup	module-scheme.cc	(SCM modules, SCM sym, SCM def)	\nLook up @var{sym} in the list @var{modules}, returning the first occurrence.\nIf not found, return @var{def} or @code{#f} if @var{def} isn't specified.\n           
ly:moment-add	moment-scheme.cc	(SCM a, SCM b)	\nAdd two moments.\n           
ly:moment-div	moment-scheme.cc	(SCM a, SCM b)	\nDivide moment @var{a} by a number @var{b} (or by the main part of another moment).\n           
ly:moment-grace	moment-scheme.cc	(SCM mom)	\nExtract grace timing as a rational number from @var{mom}.\n           
ly:moment-grace-denominator	moment-scheme.cc	(SCM mom)	\nExtract denominator from grace timing.\n           
ly:moment-grace-numerator	moment-scheme.cc	(SCM mom)	\nExtract numerator from grace timing.\n           
ly:moment-main	moment-scheme.cc	(SCM mom)	\nExtract main timing as a rational number from @var{mom}.\n           
ly:moment-main-denominator	moment-scheme.cc	(SCM mom)	\nExtract denominator from main timing.\n           
ly:moment-main-numerator	moment-scheme.cc	(SCM mom)	\nExtract numerator from main timing.\n           
ly:moment-mod	moment-scheme.cc	(SCM a, SCM b)	\nModulo of two moments.\n           
ly:moment-mul	moment-scheme.cc	(SCM a, SCM b)	\nMultiply moment @var{a} by a number @var{b} (or by the main part of another moment).\n           
ly:moment-sub	moment-scheme.cc	(SCM a, SCM b)	\nSubtract two moments.\n           
ly:moment<?	moment-scheme.cc	(SCM a, SCM b)	\nCompare two moments.\n           
ly:moment?	moment.cc	(SCM x)	Is @var{x} a smob of class @code{Moment}?
ly:music-deep-copy	music-scheme.cc	(SCM m, SCM origin)	\nCopy @var{m} and all sub expressions of@tie{}@var{m}. @var{m} may be an\narbitrary type; cons cells and music are copied recursively.  If @var{origin}\nis given, it is used as the origin for one level of music by calling\n@code{ly:set-origin!} on the copy.\n           
ly:music-duration-compress	music-scheme.cc	(SCM mus, SCM fact)	\nCompress @var{mus} by factor @var{fact}, which is a @code{Moment}.\n           
ly:music-duration-length	music-scheme.cc	(SCM mus)	\nExtract the duration field from @var{mus} and return the length.\n           
ly:music-function-extract	music-function-scheme.cc	(SCM x)	\nReturn the Scheme function inside@tie{}@var{x}.\n           
ly:music-function-signature	music-function-scheme.cc	(SCM x)	\nReturn the function signature inside@tie{}@var{x}.\n           
ly:music-function?	music-function.cc	(SCM x)	Is @var{x} a smob of class @code{Music_function}?
ly:music-length	music-scheme.cc	(SCM mus)	\nReturn the duration of @var{mus} as a @code{ly:moment}.\n           
ly:music-list?	music-scheme.cc	(SCM lst)	\nIs @var{lst} a list of music objects?\n           
ly:music-mutable-properties	music-scheme.cc	(SCM mus)	\nReturn an alist containing the mutable properties of @var{mus}.  The immutable\nproperties are not available, since they are constant and initialized by the\n@code{make-music} function.\n           
ly:music-output?	music-output.cc	(SCM x)	Is @var{x} a smob of class @code{Music_output}?
ly:music-property	music-scheme.cc	(SCM mus, SCM sym, SCM val)	\nReturn the value for property @var{sym} of music expression @var{mus}.  If no\nvalue is found, return @var{val} or @code{'()} if @var{val} is not specified.\n                       
ly:music-set-property!	music-scheme.cc	(SCM mus, SCM sym, SCM val)	\nSet property @var{sym} in music expression @var{mus} to @var{val}.\n           
ly:music-start	music-scheme.cc	(SCM mus)	\nGet the start of music expression @var{mus} and return it as a @code{Moment}\nobject.\n           
ly:music-transpose	music-scheme.cc	(SCM m, SCM p)	\nTranspose @var{m} such that central@tie{}C is mapped to@tie{}@var{p}.\nReturn@tie{}@var{m}.\n           
ly:music?	music-scheme.cc	(SCM obj)	\nIs @var{obj} a @code{Music} object?\n           
ly:non-fatal-error	warn-scheme.cc	(SCM str, SCM rest)	\nA Scheme callable function to issue the error @var{str}.  The error is\nformatted with @code{format}; @var{rest} holds the formatting\narguments (if any).  When using this function, some way of signalling\nthe error should be employed in order for the compilation to\neventually result in a nonzero return code.\n
ly:note-column-accidentals	note-column-scheme.cc	(SCM note_column)	\nReturn the @code{AccidentalPlacement} grob from @var{note-column} if any, or\n@code{SCM_EOL} otherwise.\n           
ly:note-column-dot-column	note-column-scheme.cc	(SCM note_column)	\nReturn the @code{DotColumn} grob from @var{note-column} if any, or\n@code{SCM_EOL} otherwise.\n           
ly:note-extra-source-file	sources.cc	(SCM filename, SCM parser)	\nRegister a file, e.g., an image file, as being needed to compile the\ncurrent file.  This is used for the @code{-dembed-@/source-@/code} option.\nA parser may optionally be specified.\n\nIn general, this function can embed arbitrary files into LilyPond's PDF output\n(using @dfn{embedded file streams}).\n           
ly:note-head::stem-attachment	note-head-scheme.cc	(SCM font_metric, SCM glyph_name, SCM direction)	\nGet stem attachment point from @var{font_metric} for @var{glyph-name}.\n\nThis only works for note head glyphs.  Depending on @var{direction}, the\nattachment point for an up-stem or a down-stem is returned.  @var{direction}\ndefaults to @code{UP} if not specified.\n\nThe return value is a pair, where each component is measured in a -1 to@tie{}1\nscale so that -1 is the left/@/bottom edge of the note head's bounding box and\n1@tie{}is the right/@/top edge.\n           
ly:note-scale?	scale.cc	(SCM x)	Is @var{x} a smob of class @code{Scale}?
ly:number->duration	duration-scheme.cc	(SCM x)	\nConvert a duration expressed in units of whole notes to a @code{ly:duration}.\nThe log, number of dots, and scaling factor are chosen automatically.\n           
ly:number->string	general-scheme.cc	(SCM s)	\nConvert @var{s} to a string without generating many decimals.\n           
ly:one-line-auto-height-breaking	page-breaking-scheme.cc	(SCM paper_book)	\nPut each score on a single line, and put each line on its own page.  Modify the\n@code{paper-width} setting so that every page is wider than the widest line.\nModify the @code{paper-height} setting to fit the height of the tallest line.\n           
ly:one-line-breaking	page-breaking-scheme.cc	(SCM paper_book)	\nPut each score on a single line, and put each line on its own page.  Modify the\n@code{paper-width} setting so that every page is wider than the widest line.\n           
ly:one-page-breaking	page-breaking-scheme.cc	(SCM paper_book)	\nPut each score on a single page.  The @code{paper-height} settings are modified\nso each score fits on one page, and the height of the page matches the height\nof the full score.\n           
ly:optimal-breaking	page-breaking-scheme.cc	(SCM paper_book)	\nOptimally break (pages and lines) the @code{Paper_book} object @var{paper-book}\nto minimize badness for both vertical and horizontal spacing.\n           
ly:option-usage	program-option-scheme.cc	(SCM port, SCM internal)	\nPrint @code{ly:set-option} usage.  Optional @var{port} argument for the\ndestination defaults to current output port. Specify @var{internal} to get doc\nfor internal options.\n           
ly:otf->cff	otf-scheme.cc	(SCM otf_file_name, SCM idx)	\nConvert the contents of an OTF file to a CFF file, returning it as a string.\nThe optional @var{idx} argument is useful for OpenType/CFF collections (OTC)\nonly; it specifies the font index within the OTC.  The default value of\n@var{idx} is@tie{}0.\n           
ly:otf-font-glyph-info	open-type-font-scheme.cc	(SCM font, SCM glyph)	\nGiven the font metric @var{font} of an OpenType font, return the information\nabout named glyph @var{glyph} (a string).\n           
ly:otf-font-table-data	open-type-font-scheme.cc	(SCM font, SCM tag)	\nExtract a table @var{tag} from @var{font}.  Return empty string for\nnon-existent @var{tag}.\n           
ly:otf-font?	open-type-font-scheme.cc	(SCM font)	\nIs @var{font} an OpenType font?\n           
ly:otf-glyph-count	open-type-font-scheme.cc	(SCM font)	\nReturn the number of glyphs in @var{font}.\n           
ly:otf-glyph-list	open-type-font-scheme.cc	(SCM font)	\nReturn a list of glyph names for @var{font}.\n           
ly:output-def-clone	output-def-scheme.cc	(SCM def)	\nClone output definition @var{def}.\n           
ly:output-def-lookup	output-def-scheme.cc	(SCM def, SCM sym, SCM val)	\nReturn the value of @var{sym} in output definition @var{def} (e.g.,\n@code{\\paper}).  If no value is found, return @var{val} or @code{'()} if\n@var{val} is undefined.\n           
ly:output-def-parent	output-def-scheme.cc	(SCM output_def, SCM default_value)	\nReturn the parent output definition of @var{output-def}, or\n@var{default-value} if @var{output-def} has no parent.\n@var{default-value} is optional, and defaults to @code{'()}.\n           
ly:output-def-scope	output-def-scheme.cc	(SCM def)	\nReturn the variable scope inside @var{def}.\n           
ly:output-def-set-variable!	output-def-scheme.cc	(SCM def, SCM sym, SCM val)	\nSet an output definition @var{def} variable @var{sym} to @var{val}.\n           
ly:output-def?	output-def-scheme.cc	(SCM x)	Is @var{x} a smob of class @code{Output_def}?
ly:output-description	output-def-scheme.cc	(SCM output_def)	\nReturn the description of translators in @var{output-def}.\n           
ly:output-file-name-for-input-file-name	lily-parser-scheme.cc	(SCM name)	\nConvert the @var{name} of an input file (as provided on the command line) to the\nname of an output file without an extension, honoring command-line options such\nas @code{--output} and @code{-dstrip-output-dir}.\n           
ly:output-find-context-def	output-def-scheme.cc	(SCM output_def, SCM context_name)	\nReturn an alist of all context defs (matching @var{context-name} if given) in\n@var{output-def}.\n           
ly:outputter-close	paper-outputter-scheme.cc	(SCM outputter)	\nClose port of @var{outputter}.\n           
ly:outputter-dump-stencil	paper-outputter-scheme.cc	(SCM outputter, SCM stencil)	\nDump stencil @var{expr} onto @var{outputter}.\n           
ly:outputter-dump-string	paper-outputter-scheme.cc	(SCM outputter, SCM str)	\nDump @var{str} onto @var{outputter}.\n           
ly:outputter-output-scheme	paper-outputter-scheme.cc	(SCM outputter, SCM expr)	\nOutput @var{expr} to the paper outputter.\n           
ly:outputter-port	paper-outputter-scheme.cc	(SCM outputter)	\nReturn output port for @var{outputter}.\n           
ly:page-marker?	page-marker.cc	(SCM x)	Is @var{x} a smob of class @code{Page_marker}?
ly:page-turn-breaking	page-breaking-scheme.cc	(SCM paper_book)	\nOptimally break (pages and lines) the @code{Paper_book} object @var{paper-book}\nsuch that page turns only happen in specified places, returning its pages.\n           
ly:pango-font-physical-fonts	pango-font-scheme.cc	(SCM f)	\nReturn alist of @code{(ps-name file-name font-index)} lists for Pango\nfont@tie{}@var{f}.\n           
ly:pango-font?	pango-font-scheme.cc	(SCM f)	\nIs @var{f} a Pango font?\n           
ly:paper-book-header	paper-book-scheme.cc	(SCM pb)	\nReturn the header definition (@code{\\header}) in @code{Paper_book} object\n@var{pb}.\n           
ly:paper-book-pages	paper-book-scheme.cc	(SCM pb)	\nReturn pages in @code{Paper_book} object @var{pb}.\n           
ly:paper-book-paper	paper-book-scheme.cc	(SCM pb)	\nReturn the paper output definition (@code{\\paper}) in @code{Paper_book} object\n@var{pb}.\n           
ly:paper-book-performances	paper-book-scheme.cc	(SCM pb)	\nReturn performances in @code{Paper_book} object @var{pb}.\n           
ly:paper-book-scopes	paper-book-scheme.cc	(SCM pb)	\nReturn scopes in @code{Paper_book} object @var{pb}.\n           
ly:paper-book-systems	paper-book-scheme.cc	(SCM pb)	\nReturn systems in @code{Paper_book} object @var{pb}.\n           
ly:paper-book?	paper-book.cc	(SCM x)	Is @var{x} a smob of class @code{Paper_book}?
ly:paper-column::break-align-width	paper-column.cc	(SCM col, SCM align_syms)	\n\n@var{col} should be a non-musical paper-column.  This function\ndetermines the horizontal extent of a break align group contained in\nthis column, relative to the system.  The break align group is\nsearched according to @var{align-sym}, which is either a break align\nsymbol (see the @code{break-align-symbol} property), or a list of such\nsymbols.  For example,\n\n@example\n(ly:paper-column::break-align-width col '(key-signature staff-bar))\n@end example\n\n@noindent\ntries to find a @code{BreakAlignGroup} of key signatures, but falls\nback on bar lines if there are no key signatures or if the extent of\nthe @code{BreakAlignGroup} containing them is empty (for example, if\nthey are omitted).\n\nThe special symbol @code{break-alignment} means the combined extent of\nall items in the paper column.  It is useful as the last element of\nthe list, for a catch-all fallback.\n\nThis function never returns an empty interval.  If no matching group\nis found or the group has an empty extent, it returns a point interval\nat the coordinate of the column relative to the system.\n           
ly:paper-column::print	paper-column.cc		Optional stencil for @code{PaperColumn} or @code{NonMusicalPaperColumn}.  Draws the @dfn{rank number} of each column, its moment in time, a blue arrow showing the ideal distance, and a red arrow showing the minimum distance between columns.
ly:paper-fonts	output-def-scheme.cc	(SCM def)	\nReturn a list containing the fonts from output definition @var{def} (e.g.,\n@code{\\paper}).\n           
ly:paper-get-font	output-def-scheme.cc	(SCM def, SCM chain)	\nFind a font metric in output definition @var{def} satisfying the font\nqualifiers in alist chain @var{chain}, and return it.  (An alist chain is a\nlist of alists, containing grob properties.)\n           
ly:paper-get-number	output-def-scheme.cc	(SCM def, SCM sym)	\nReturn the value of variable @var{sym} in output definition @var{def} as a\ndouble.\n           
ly:paper-outputscale	output-def-scheme.cc	(SCM def)	\nReturn the @code{output-scale} for output definition @var{def}.\n           
ly:paper-score-paper-systems	paper-score-scheme.cc	(SCM paper_score)	\nReturn vector of @code{paper_system} objects from @var{paper-score}.\n           
ly:paper-system?	paper-system-scheme.cc	(SCM obj)	\nIs @var{obj} a C++ @code{Prob} object of type @code{paper-system}?\n           
ly:parse-file	lily-parser-scheme.cc	(SCM name)	\nParse a single @code{.ly} file.  Upon failure, throw @code{ly-file-failed} key.\n           
ly:parse-init	lily-parser-scheme.cc	(SCM name)	\nParse the init file @var{name}.\n           
ly:parse-string-expression	lily-parser-scheme.cc	(SCM parser_smob, SCM ly_code, SCM filename, SCM line)	\nParse the string @var{ly-code} with @var{parser-smob}. Return the contained\nmusic expression.  @var{filename} and @var{line} are optional source\nindicators.\n           
ly:parsed-undead-list!	undead.cc	()	\nReturn the list of objects that have been found alive but should have been\ndead, and clear that list.\n           
ly:parser-append-to-include-path	lily-parser-scheme.cc	(SCM path)	\nAppend @var{path} to the current parser's include path.\n           
ly:parser-clear-error	lily-parser-scheme.cc	(SCM parser)	\nClear error flag for @var{parser}, defaulting to current parser.\n           
ly:parser-clone	lily-parser-scheme.cc	(SCM closures, SCM location)	\nReturn a clone of current parser.  An association list of port positions to\nclosures can be specified in @var{closures} in order to have @code{$} and\n@code{#} interpreted in their original lexical environment.  If @var{location}\nis a valid location, it becomes the source of all music expressions inside.\n           
ly:parser-define!	lily-parser-scheme.cc	(SCM id, SCM val)	\nBind @var{id} to @var{val} in current parser's module.\n           
ly:parser-define-once!	lily-parser-scheme.cc	(SCM id, SCM val)	\nIf @var{id} is unbound, bind it to @var{val} in current parser's module.\n           
ly:parser-error	lily-parser-scheme.cc	(SCM msg, SCM input)	\nDisplay an error message and make current parser fail.  Without a current\nparser, trigger an ordinary error.\n           
ly:parser-has-error?	lily-parser-scheme.cc	(SCM parser)	\nDoes @var{parser} (defaulting to current parser) have an error flag?\n           
ly:parser-include-string	lily-parser-scheme.cc	(SCM ly_code)	\nInclude the string @var{ly-code} into the input stream for current parser.  Can\nonly be used in immediate Scheme expressions (@code{$} instead of @code{#}).\n           
ly:parser-lookup	lily-parser-scheme.cc	(SCM id, SCM rest)	\nLook up @var{id} in the current parser's module.\n\nThe @var{rest} arguments may contain the @code{#:default} keyword option with\nthe value to return when the variable is not defined.  When the @code{#:default}\noption is absent, @code{'()} is used.\n           
ly:parser-output-name	lily-parser-scheme.cc	(SCM parser)	\nReturn the base name of the output file.  If @var{parser} is left off, use\ncurrently active parser.\n           
ly:parser-parse-string	lily-parser-scheme.cc	(SCM parser_smob, SCM ly_code)	\nParse the string @var{ly-code} with @var{parser-smob}.  Upon failure, throw\n@code{ly-file-failed} key.\n           
ly:parser-set-note-names	lily-parser-scheme.cc	(SCM names)	\nReplace current note names in parser.  @var{names} is an alist of symbols.\nThis only has effect if the current mode is notes.\n           
ly:perform-text-replacements	text-interface.cc	(SCM , SCM props, SCM input_string)	\nA string transformer to perform text replacements using the @code{replacement-alist}\nfrom the property alist chain @var{props}.\n           
ly:performance-headers	performance-scheme.cc	(SCM performance)	\nReturn the list of headers with the innermost first.\n           
ly:performance-write	performance-scheme.cc	(SCM performance, SCM filename, SCM name)	\nWrite @var{performance} to @var{filename} storing @var{name} as the name of the\nperformance in the file metadata.\n           
ly:pitch-alteration	pitch-scheme.cc	(SCM pp)	\nExtract the alteration from pitch@tie{}@var{pp}.\n           
ly:pitch-diff	pitch-scheme.cc	(SCM pitch, SCM root)	\nReturn pitch @var{delta} such that @var{root} transposed by @var{delta} equals\n@var{pitch}.\n           
ly:pitch-negate	pitch-scheme.cc	(SCM p)	\nNegate pitch@tie{}@var{p}.\n           
ly:pitch-notename	pitch-scheme.cc	(SCM pp)	\nExtract the note name from pitch @var{pp}.\n           
ly:pitch-octave	pitch-scheme.cc	(SCM pp)	\nExtract the octave from pitch@tie{}@var{pp}.\n           
ly:pitch-quartertones	pitch-scheme.cc	(SCM pp)	\nCalculate the number of quarter tones of pitch @var{pp} from middle@tie{}C.\n           
ly:pitch-semitones	pitch-scheme.cc	(SCM pp)	\nCalculate the number of semitones of pitch @var{pp} from middle@tie{}C.\n           
ly:pitch-steps	pitch-scheme.cc	(SCM p)	\nNumber of steps counted from middle@tie{}C of the pitch@tie{}@var{p}.\n           
ly:pitch-tones	pitch-scheme.cc	(SCM pp)	\nCalculate the number of tones of pitch @var{pp} from middle@tie{}C as a\nrational number.\n           
ly:pitch-transpose	pitch-scheme.cc	(SCM p, SCM delta)	\nTranspose pitch@tie{}@var{p} by the amount @var{delta}, where @var{delta} is\nrelative to middle@tie{}C.\n           
ly:pitch<?	pitch-scheme.cc	(SCM p1, SCM p2)	\nIs @var{p1} lexicographically smaller than @var{p2}?\n           
ly:pitch?	pitch.cc	(SCM x)	Is @var{x} a smob of class @code{Pitch}?
ly:png->eps-dump	cairo.cc	(SCM file_name, SCM port, SCM r, SCM g, SCM b, SCM a)	\nRead the PNG image under @var{file-name} and convert it to EPS data,\ndumping the output onto @var{port}.  @var{r}, @var{g}, @var{b} and\n@var{a} are the components of the background color.\n           
ly:png-dimensions	cairo.cc	(SCM file_name)	\nRead the PNG image under @var{file-name} and return its dimensions\nas a pair of integers, or @code{#f} if there was an error (a warning\nis printed in this case).\n           
ly:pointer-group-interface::add-grob	pointer-group-interface-scheme.cc	(SCM grob, SCM sym, SCM grob_element)	\nAdd @var{grob-element} to @var{grob}'s @var{sym} grob array.\n           
ly:position-on-line?	staff-symbol-referencer-scheme.cc	(SCM sg, SCM spos)	\nReturn whether @var{spos} is on a line of the staff associated with the grob\n@var{sg} (even on an extender line).\n           
ly:prob-immutable-properties	prob-scheme.cc	(SCM prob)	\nRetrieve an alist of immutable properties.\n           
ly:prob-mutable-properties	prob-scheme.cc	(SCM prob)	\nRetrieve an alist of mutable properties.\n           
ly:prob-property	prob-scheme.cc	(SCM prob, SCM sym, SCM val)	\nReturn the value for property @var{sym} of Prob object @var{prob}.  If no value\nis found, return @var{val} or @code{'()} if @var{val} is not specified.\n                       
ly:prob-property?	prob-scheme.cc	(SCM obj, SCM sym)	\nIs boolean prop @var{sym} of @var{obj} set?\n           
ly:prob-set-property!	prob-scheme.cc	(SCM obj, SCM sym, SCM value)	\nSet property @var{sym} of @var{obj} to @var{value}.\n           
ly:prob-type?	prob-scheme.cc	(SCM obj, SCM type)	\nIs @var{obj} the specified prob type?\n           
ly:prob?	prob.cc	(SCM x)	Is @var{x} a smob of class @code{Prob}?
ly:programming-error	warn-scheme.cc	(SCM str, SCM rest)	\nA Scheme callable function to issue the internal warning @var{str}.  The\nmessage is formatted with @code{format}; @var{rest} holds the formatting\narguments (if any).\n           
ly:progress	warn-scheme.cc	(SCM str, SCM rest)	\nA Scheme callable function to print progress @var{str}.  The message is\nformatted with @code{format}; @var{rest} holds the formatting arguments (if\nany).\n           
ly:property-lookup-stats	profile.cc	(SCM sym)	\nReturn hash table with a property access corresponding to @var{sym}.  Choices\nare @code{prob}, @code{grob}, and @code{context}.\n           
ly:pt	dimensions-scheme.cc	(SCM num)	\n@var{num} printer points.\n           
ly:pure-call	unpure-pure-container.cc	(SCM data, SCM grob, SCM start, SCM end, SCM rest)	\nConvert property @var{data} (unpure-pure container or procedure) to value in a\npure context defined by @var{grob}, @var{start}, @var{end}, and possibly\n@var{rest} arguments.\n           
ly:regex-exec	glib-regex-scheme.cc	(SCM regex, SCM string)	\nScan @var{string} for a match of the regular expression object\n@var{regex} (constructed with @code{ly:make-regex}).  Return\na match object or @code{#f}.  See @code{ly:regex-match-@dots{}}\nfunctions for what you can do with the match object.\n\nFor example, this extracts the components of a date in YYYY-MM-DD format:\n\n@indentedblock\n@verbatim\n#(define date-components\n   (let ((date-regex (ly:make-regex "^(\\\\d{4})-(\\\\d{2})-(\\\\d{2})$")))\n     (lambda (date)\n       (let ((match (ly:regex-exec date-regex date)))\n         (if match\n             (list (string->number (ly:regex-match-substring match 1))\n                   (string->number (ly:regex-match-substring match 2))\n                   (string->number (ly:regex-match-substring match 3)))\n             (error "not a date"))))))\n@end verbatim\n@end indentedblock\n           
ly:regex-exec->list	glib-regex-scheme.cc	(SCM regex, SCM string)	\nLike @code{ly:regex-exec}, but return a list of non-overlapping matches\ninstead of the first match only."\n           
ly:regex-quote	glib-regex-scheme.cc	(SCM string)	\nEscape special characters in @var{string}, forming a regular\nexpression pattern that matches exactly @var{string}.\n\nExample:\n\n@example\n(ly:regex-quote "$2")\n@result{} "\\\\$2"\n@end example\n           
ly:regex-replace	glib-regex-scheme.cc	(SCM regex, SCM string, SCM replacements)	\nScan for matches of the compiled regular expression @var{regex}\n(created with @code{ly:make-regex}) in the string @var{string},\nand form a new string by replacing them according to the @var{replacements}.\nEach replacement argument can be:\n\n@itemize\n@item\nA string, which is output as-is.\n\n@item\nA non-negative integer, which is interpreted as a match substring\nindex (see @code{ly:regex-match-substring}).\n\n@item\nA procedure, which is called on the match object, and should return\na string.\n@end itemize\n\nThis example converts a date from YYYY-MM-DD format to DD-MM-YYYY format:\n\n@quotation\n@verbatim\n#(define date-yyyy-mm-dd->dd-mm-yyyy\n   (let ((date-regex (ly:make-regex "(\\\\d{4})-(\\\\d{2})-(\\\\d{2})")))\n     (lambda (date)\n       (ly:regex-replace date-regex date 3 "-" 2 "-" 1))))\n@end verbatim\n@end quotation\n\nThis example does the same, using a procedure:\n\n@quotation\n@verbatim\n#(define date-yyyy-mm-dd->dd-mm-yyyy\n   (let ((date-regex (ly:make-regex "(\\\\d{4})-(\\\\d{2})-(\\\\d{2})")))\n     (lambda (date)\n       (ly:regex-replace\n        date-regex\n        date\n        (lambda (match)\n          (format #f "~a-~a-~a"\n                  (ly:regex-match-substring match 3)\n                  (ly:regex-match-substring match 2)\n                  (ly:regex-match-substring match 1)))))))\n@end verbatim\n@end quotation\n           
ly:regex?	glib-regex-scheme.cc	(SCM x)	Is @var{x} a smob of class @code{Regex}?
ly:register-stencil-expression	stencil-scheme.cc	(SCM symbol)	\nAdd @var{symbol} as head of a stencil expression.\n           
ly:register-translator	translator-ctors.cc	(SCM creator, SCM name, SCM description)	\nRegister a translator @var{creator} (usually a descriptive alist or a\nfunction/closure returning one when given a context argument) with the given\nsymbol @var{name} and the given @var{description} alist.\n           
ly:relative-group-extent	axis-group-interface-scheme.cc	(SCM elements, SCM common, SCM axis)	\nDetermine the extent of @var{elements} relative to @var{common} in the\n@var{axis} direction.\n           
ly:rename-file	general-scheme.cc	(SCM oldname, SCM newname)	\nRename @var{oldname} to @var{newname}. In contrast to Guile's\n@code{rename-file} function, this replaces the destination if it already\nexists.  On Windows, fall back to copying the file contents if @var{newname}\ncannot be deleted.\n           
ly:reset-all-fonts	all-font-metrics-scheme.cc	()	\nForget all about previously loaded fonts.\n           
ly:reset-options	program-option-scheme.cc	(SCM alist)	\nReset all program options to the values in @var{alist}.\n           
ly:round-filled-box	stencil-scheme.cc	(SCM xext, SCM yext, SCM blot)	\nMake a @code{Stencil} object that prints a black box of dimensions @var{xext},\n@var{yext} and roundness @var{blot}.\n           
ly:round-polygon	stencil-scheme.cc	(SCM points, SCM blot, SCM extroversion, SCM filled)	\nMake a @code{Stencil} object that prints a polygon with corners at the\npoints defined by @var{points} (a list of coordinate pairs) and roundness\n@var{blot}.  Optional numeric argument @var{extroversion} shifts the outline\noutward, with the default of@tie{}0 keeping the middle of the line just on\nthe polygon.  If optional Boolean argument @var{filled} is set to\n@code{#t} (which is the default), fill the polygon.\n           
ly:run-translator	global-context-scheme.cc	(SCM mus, SCM output_def)	\nProcess @var{mus} according to @var{output-def}.  An interpretation context is\nset up, and @var{mus} is interpreted with it.  The context is returned in its\nfinal state.\n           
ly:score-add-output-def!	score-scheme.cc	(SCM score, SCM def)	\nAdd an output definition @var{def} to @var{score}.\n           
ly:score-embedded-format	score-scheme.cc	(SCM score, SCM layout)	\nRun @var{score} through @var{layout} (an output definition) scaled to correct\n@code{output-scale} already, returning a list of layout lines.\n           
ly:score-error?	score-scheme.cc	(SCM score)	\nWas there an error in the score?\n           
ly:score-header	score-scheme.cc	(SCM score)	\nReturn score header.\n           
ly:score-music	score-scheme.cc	(SCM score)	\nReturn score music.\n           
ly:score-output-defs	score-scheme.cc	(SCM score)	\nAll output definitions in a score.\n           
ly:score-set-header!	score-scheme.cc	(SCM score, SCM module)	\nSet the score header.\n           
ly:score?	score.cc	(SCM x)	Is @var{x} a smob of class @code{Score}?
ly:set-grob-creation-callback	engraver.cc	(SCM cb)	\nSpecify a procedure that gets called every time a new grob is created.  The\ncallback receives as arguments the grob that was created, the name of the C++\nsource file that caused the grob to be created, and the corresponding line\nnumber in the C++ source file.  Call with @code{#f} as argument to unset the\ncallback.\n           
ly:set-grob-modification-callback	grob-property.cc	(SCM cb)	\nSpecify a procedure that gets called every time LilyPond modifies a grob\nproperty.  The callback receives as arguments the grob that is being modified,\nthe name of the C++ file in which the modification was requested, the line\nnumber in the C++ file in which the modification was requested, the name of the\nfunction in which the modification was requested, the property to be changed,\nand the new value for the property.  Call with @code{#f} as argument to unset\nthe callback.\n           
ly:set-middle-C!	pitch-scheme.cc	(SCM context)	\nSet the @code{middleCPosition} variable in @var{context} based on the variables\n@code{middleCClefPosition} and @code{middleCOffset}.\n           
ly:set-option	program-option-scheme.cc	(SCM var, SCM val)	\nSet program option @var{var} to value @var{val}.\n\nSee also function @code{ly:add-option}.\n           
ly:set-origin!	music-scheme.cc	(SCM m, SCM origin)	\nSet the origin given in @var{origin} to @var{m}.  @var{m} is typically a music\nexpression or a list of music.  List structures are searched recursively, but\nrecursion stops at the changed music expressions themselves.\n\n@var{origin} is generally of type @code{ly:input-location?}, defaulting to\n@code{(*location*)}.  Other valid values for @code{origin} are a music\nexpression which is then used as the source of location information, or\n@code{#f} or @code{'()} in which case no action is performed.  The return value\nis @var{m} itself.\n           
ly:set-property-cache-callback	grob-property.cc	(SCM cb)	\nSpecify a procedure that gets called whenever LilyPond calculates a callback\nfunction and caches the result.  The callback receives as arguments the grob\nwhose property it is, the name of the property, the name of the callback that\ncalculated the property, and the new (cached) value of the property.  Call with\n@code{#f} as argument to unset the callback.\n           
ly:set-rand-seed	lily-random.cc	(SCM seed)	\nSeed the internal pseudo-random generator with the specified value.\n           
ly:skyline->points	skyline-scheme.cc	(SCM skyline, SCM horizon_axis)	\nReturn a list of points from the given skyline, if viewed with\n@var{horizon-@/axis} as @q{horizon axis}.  Joining the points with a\nline draws the outline of the skyline.\n           
ly:skyline-distance	skyline-scheme.cc	(SCM skyline, SCM other_skyline, SCM horizon_padding)	\nCompute the distance between the two skylines, padding by\n@var{horizon-padding} if provided.\n           
ly:skyline-empty?	skyline-scheme.cc	(SCM sky)	\nReturn whether skyline @var{sky} is empty.\n           
ly:skyline-height	skyline-scheme.cc	(SCM skyline, SCM x)	\nReturn the height of @var{skyline} at point @var{x}.\n           
ly:skyline-max-height	skyline-scheme.cc	(SCM skyline)	\nReturn the maximum height found in @var{skyline}.\n           
ly:skyline-max-height-position	skyline-scheme.cc	(SCM skyline)	\nReturn the position at which @var{skyline} reaches its maximum height.\n           
ly:skyline-merge	skyline-scheme.cc	(SCM skyline1, SCM skyline2)	\nMerge the two given skylines.\n           
ly:skyline-pad	skyline-scheme.cc	(SCM skyline, SCM horizon_padding)	\nReturn a version of @var{skyline} padded by @var{horizon-padding}\nalong the horizon.\n           
ly:skyline-touching-point	skyline-scheme.cc	(SCM skyline, SCM other_skyline, SCM horizon_padding)	\nGet the point where @var{skyline} and @var{other-skyline} (having\nopposite directions) reach their minimum distance.  If\n@var{horizon-padding} is provided, one skyline is padded with it\nfirst.\n           
ly:skyline?	skyline.cc	(SCM x)	Is @var{x} a smob of class @code{Skyline}?
ly:skylines-for-stencil	skyline-scheme.cc	(SCM stencil, SCM axis)	\nReturn a pair of skylines representing the outline of @var{stencil}.\n@var{axis} is the @q{horizon axis} (i.e., this function gives skylines\nsuitable for the @code{vertical-@/skylines} property if @var{axis}\nis@tie{}@code{X}, and for @code{horizontal-@/skylines} if @var{axis}\nis@tie{}@code{Y}).\n           
ly:smob-protects	smobs.cc	()	\nReturn LilyPond's internal smob protection list.\n           
ly:solve-spring-rod-problem	simple-spacer-scheme.cc	(SCM springs, SCM rods, SCM length, SCM ragged)	\nSolve a spring and rod problem for @var{count} objects that are connected by\n@var{count}-1 @var{springs}, and an arbitrary number of @var{rods}.\n@var{count} is implicitly given by @var{springs} and @var{rods}.  The\n@var{springs} argument has the format @code{(ideal, inverse_hook)} and\n@var{rods} is of the form @code{(idx1, idx2, distance)}.\n\n@var{length} is a number, @var{ragged} a boolean.\n\nThe function returns a list containing the force (positive for stretching,\nnegative for compressing and @code{#f} for non-satisfied constraints) followed\nby @var{spring-count}+1 positions of the objects.\n           
ly:source-file?	source-file.cc	(SCM x)	Is @var{x} a smob of class @code{Source_file}?
ly:source-files	sources.cc	(SCM parser_smob)	\nReturn a list of input files that have been opened up to here, including the\nfiles that have been closed already.  A parser, @var{parser-smob}, may\noptionally be specified.\n           
ly:spanner-bound	spanner-scheme.cc	(SCM spanner, SCM dir, SCM def)	\nGet one of the bounds of @var{spanner}.  @var{dir} is @w{@code{-1}} for left,\nand @code{1} for right.  If the spanner does not (yet) have a bound\nfor this direction, return @var{def}, or @code{'()} if @var{def}\nis not specified.\n           
ly:spanner-broken-into	spanner-scheme.cc	(SCM spanner)	\nReturn broken-into list for @var{spanner}.\n           
ly:spanner-broken-neighbor	spanner-scheme.cc	(SCM spanner, SCM dir)	\nReturn the broken neighbor of @var{spanner} on the next or previous system\naccording to @var{dir}.  If there is no neighbor, return @code{#f}.\n           
ly:spanner-set-bound!	spanner-scheme.cc	(SCM spanner, SCM dir, SCM item)	\nSet grob @var{item} as bound in direction @var{dir} for @var{spanner}.\n           
ly:spanner?	spanner-scheme.cc	(SCM g)	\nIs @var{g} a spanner object?\n           
ly:spawn	general-scheme.cc	(SCM command, SCM rest)	\nSimple Scheme interface to the GLib function @code{g_spawn_sync}.  If an error\noccurs, format it with @code{format} and @var{rest}.\n           
ly:spring-set-inverse-compress-strength!	spring-smob.cc	(SCM spring, SCM strength)	\nSet the inverse compress @var{strength} of @var{spring}.\n           
ly:spring-set-inverse-stretch-strength!	spring-smob.cc	(SCM spring, SCM strength)	\nSet the inverse stretch @var{strength} of @var{spring}.\n           
ly:spring?	spring-smob.cc	(SCM x)	Is @var{x} a smob of class @code{Spring}?
ly:staff-symbol-line-thickness	staff-symbol-referencer-scheme.cc	(SCM grob)	\nReturn the current staff line thickness in the staff associated with\n@var{grob}, expressed as a multiple of the current staff space height.\n           
ly:staff-symbol-staff-radius	staff-symbol-referencer-scheme.cc	(SCM grob)	\nReturn the radius of the staff associated with @var{grob}.\n           
ly:staff-symbol-staff-space	staff-symbol-referencer-scheme.cc	(SCM grob)	\nReturn the current staff space height in the staff associated with @var{grob},\nexpressed as a multiple of the default height of a staff space in the\ntraditional five-line staff.\n           
ly:stderr-redirect	general-scheme.cc	(SCM fd_or_file_name, SCM mode)	\nRedirect standard error output (stderr) to file descriptor @var{fd} if the\nfirst parameter is an integer, or to file @var{file-name}, opened with\n@var{mode}.\n           
ly:stem::extremal-heads	stem.cc		\nReturn a pair containing the lowest and highest heads on this stem.\n\nIf the stem has only one head, both elements of the pair refer to it.  If the\nstem has no heads, the result is @code{'(() . ())}.\n
ly:stencil-add	stencil-scheme.cc	(SCM args)	\nCombine stencils.  Takes any number of arguments.\n           
ly:stencil-aligned-to	stencil-scheme.cc	(SCM stil, SCM axis, SCM dir)	\nAlign stencil @var{stil} using its own extents.  @var{dir} is a number.\n@w{@code{-1}} and @code{1} are left and right, respectively.  Other values are\ninterpolated (so @code{0} means the center).\n           
ly:stencil-combine-at-edge	stencil-scheme.cc	(SCM first, SCM axis, SCM direction, SCM second, SCM padding)	\nConstruct a stencil by putting @var{second} next to @var{first}.\n\n@var{axis} can be @code{0} (x@tie{}axis) or@tie{}@code{1} (y@tie{}axis).\n@var{direction} can be @code{-1} (left or down) or@tie{}@code{1} (right or up).\nThe stencils are juxtaposed with @var{padding} as extra space.  @var{first} and\n@var{second} may also be @code{'()} or @code{#f}.\n\nIf either of the stencils is spacing (i.e., the result of @code{\\\\hspace} markup\nand similar commands), @var{padding} does not apply.\n           
ly:stencil-empty?	stencil-scheme.cc	(SCM stil, SCM axis)	\nReturn whether @var{stil} is empty.  If an optional @var{axis} is supplied, the\nemptiness check is restricted to that axis.\n           
ly:stencil-expr	stencil-scheme.cc	(SCM stil)	\nReturn the expression of stencil @var{stil}.\n           
ly:stencil-extent	stencil-scheme.cc	(SCM stil, SCM axis)	\nReturn a pair of numbers signifying the extent of stencil @var{stil} in\n@var{axis} direction (@code{0} or@tie{}@code{1} for x and y@tie{}axis,\nrespectively).\n           
ly:stencil-outline	stencil-scheme.cc	(SCM stil, SCM outline)	\nReturn a stencil with the stencil expression (inking) of stencil @var{stil} but\nwith outline and dimensions from stencil @var{outline}.\n           
ly:stencil-rotate	stencil-scheme.cc	(SCM stil, SCM angle, SCM x, SCM y)	\nReturn a stencil @var{stil} rotated by @var{angle} degrees around the relative\noffset @w{(@var{x}, @var{y})}.  E.g., an offset of @w{(-1, 1)} rotates the\nstencil around the left upper corner.\n           
ly:stencil-rotate-absolute	stencil-scheme.cc	(SCM stil, SCM angle, SCM x, SCM y)	\nReturn a stencil @var{stil} rotated by @var{angle} degrees around point\n@w{(@var{x}, @var{y})}, given in absolute coordinates.\n           
ly:stencil-scale	stencil-scheme.cc	(SCM stil, SCM x, SCM y)	\nScale stencil @var{stil} using the horizontal and vertical scaling\nfactors @var{x} and optional@tie{}@var{y} (defaulting to@tie{}@var{x}).\nNegative values flip or mirror @var{stil} without changing its origin;\nthis may result in collisions unless it is repositioned.\n           
ly:stencil-stack	stencil-scheme.cc	(SCM first, SCM axis, SCM direction, SCM second, SCM padding, SCM mindist)	\nConstruct a stencil by stacking @var{second} next to @var{first}.\n\n@var{axis} can be @code{0} (x@tie{}axis) or@tie{}@code{1} (y@tie{}axis).\n@var{direction} can be @code{-1} (left or down) or@tie{}@code{1} (right or up).\nThe stencils are juxtaposed with @var{padding} as extra space.  @var{first} and\n@var{second} may also be @code{'()} or @code{#f}.  As opposed to\n@code{ly:@/stencil-combine-at-edge}, metrics are suited for successively\naccumulating lines of stencils.  Also, @var{second} stencil is drawn last.\n\nIf @var{mindist} is specified, reference points are placed apart at least by\nthis distance.  If either of the stencils is spacing (i.e., the result of\n@code{\\\\hspace} markup and similar commands), @var{padding} and @var{mindist} do\nnot apply.\n           
ly:stencil-translate	stencil-scheme.cc	(SCM stil, SCM offset)	\nReturn a copy of stencil @var{stil} but translated by @var{offset} (a pair of\nnumbers).\n           
ly:stencil-translate-axis	stencil-scheme.cc	(SCM stil, SCM amount, SCM axis)	\nReturn a copy of stencil @var{stil} but translated by @var{amount} in\n@var{axis} direction.\n           
ly:stencil?	stencil.cc	(SCM x)	Is @var{x} a smob of class @code{Stencil}?
ly:stream-event?	stream-event-scheme.cc	(SCM obj)	\nIs @var{obj} a @code{Stream_event} object?\n           
ly:string-percent-encode	general-scheme.cc	(SCM str)	\nEncode all characters in string @var{str} with hexadecimal percent escape\nsequences, with the following exceptions: characters @w{@samp{-./_}} and\ncharacters in ranges @code{0-9}, @code{A-Z}, and @code{a-z}.\n           
ly:string-substitute	general-scheme.cc	(SCM a, SCM b, SCM s)	\nReplace string@tie{}@var{a} by string@tie{}@var{b} in string@tie{}@var{s}.\n           
ly:system-font-load	all-font-metrics-scheme.cc	(SCM name)	\nLoad the OpenType system font @file{@var{name}.otf}.  Fonts loaded with this\ncommand must contain two additional SFNT font tables called @code{LILC}\nand @code{LILY}, needed for typesetting musical elements.\nCurrently, only the Emmentaler and the Emmentaler-Brace fonts fulfill these\nrequirements.\n\nNote that only @code{ly:font-get-glyph} and derived code (like @code{\\lookup})\ncan access glyphs from the system fonts; text strings are handled exclusively\nvia the Pango interface.\n           
ly:text-interface::interpret-markup	text-interface.cc		\nConvert a text markup into a stencil.  @var{layout} is a @code{\\\\layout} block.\n@var{props} is an alist chain, i.e., a list of alists.  @var{markup} is the markup\ntext to be processed.  See also @code{grob-interpret-markup}.\n                                   
ly:time-tracer-include-and-remove-file	time-tracer-scheme.cc	(SCM file_name)	\nIncorporate records from file @var{file-name} into the current trace.  If\nsuccessful, remove @var{file-name}.  This supports aggregating completed traces\nfrom child processes into the parent's trace.\n           
ly:time-tracer-restart	time-tracer-scheme.cc	(SCM name)	\nReinitialize the global tracer in a child process to avoid interfering with the\nparent's trace.  @var{name} is the name given to the top-level duration slice in\nthe new trace.\n           
ly:time-tracer-set-file	time-tracer-scheme.cc	(SCM file_name)	\nDirect time-trace output to file @var{file-name}.  If @var{file-name} is\n@code{#f}, disable tracing.\n           
ly:time-tracer-stop	time-tracer-scheme.cc	()	\nFinalize the global tracer.\n           
ly:transform->list	transform-scheme.cc	(SCM transform)	\nConvert a transform matrix to a list of six values.  Values are @var{xx},\n@var{yx}, @var{xy}, @var{yy}, @var{x0}, @var{y0}.\n           
ly:transform?	transform-scheme.cc	(SCM x)	Is @var{x} a smob of class @code{Transform}?
ly:translate-cpp-warning-scheme	warn-scheme.cc	(SCM str)	\nTranslate a string in C++ @code{printf} format and modify it to use it for\nScheme formatting.\n           
ly:translator-context	translator-scheme.cc	(SCM trans)	\nReturn the context of the translator object @var{trans}.\n           
ly:translator-description	translator-ctors.cc	(SCM creator)	\nReturn an alist of properties of translator definition @var{creator}.\n           
ly:translator-group?	translator-group.cc	(SCM x)	Is @var{x} a smob of class @code{Translator_group}?
ly:translator-name	translator-ctors.cc	(SCM creator)	\nReturn the type name of the translator definition @var{creator}.  The name is a\nsymbol.\n           
ly:translator?	translator.cc	(SCM x)	Is @var{x} a smob of class @code{Translator}?
ly:transpose-key-alist	music-scheme.cc	(SCM l, SCM pit)	\nMake a new key alist of@tie{}@var{l} transposed by pitch @var{pit}.\n           
ly:ttf->pfa	ttf.cc	(SCM ttf_file_name, SCM idx)	\nConvert the contents of a TrueType font file to PostScript Type@tie{}42 font,\nreturning it as a string.  The optional @var{idx} argument is useful for\nTrueType collections (TTC) only; it specifies the font index within the TTC.\nThe default value of @var{idx} is@tie{}0.\n           
ly:ttf-ps-name	ttf.cc	(SCM ttf_file_name, SCM idx)	\nExtract the PostScript name from a TrueType font.  The optional @var{idx}\nargument is useful for TrueType collections (TTC) only; it specifies the font\nindex within the TTC.  The default value of @var{idx} is@tie{}0.\n           
ly:tuplet-description?	tuplet-description.cc	(SCM x)	Is @var{x} a smob of class @code{Tuplet_description}?
ly:unpure-call	unpure-pure-container.cc	(SCM data, SCM grob, SCM rest)	\nConvert property @var{data} (unpure-pure container or procedure) to value in an\nunpure context defined by @var{grob} and possibly @var{rest} arguments.\n           
ly:unpure-pure-container-pure-part	unpure-pure-container.cc	(SCM pc)	\nReturn the pure part of @var{pc}.\n           
ly:unpure-pure-container-unpure-part	unpure-pure-container.cc	(SCM pc)	\nReturn the unpure part of @var{pc}.\n           
ly:unpure-pure-container?	unpure-pure-container.cc	(SCM x)	Is @var{x} a smob of class @code{Unpure_pure_container}?
ly:usage	main.cc	()	\nPrint usage message.\n           
ly:verbose-output?	program-option-scheme.cc	()	\nWas verbose output requested, i.e., is the log level at least @code{DEBUG}?\n           
ly:version	general-scheme.cc	()	\nReturn the current LilyPond version as a list, e.g., @code{(1 3 127 uu1)}.\n           
ly:warning	warn-scheme.cc	(SCM str, SCM rest)	\nA Scheme callable function to issue the warning @var{str}.  The message is\nformatted with @code{format}; @var{rest} holds the formatting arguments (if\nany).\n           
ly:warning-located	warn-scheme.cc	(SCM location, SCM str, SCM rest)	\nA Scheme callable function to issue the warning @var{str} at the specified\nlocation in an input file.  The message is formatted with @code{format};\n@var{rest} holds the formatting arguments (if any).\n           
ly:wide-char->utf-8	general-scheme.cc	(SCM wc)	\nEncode the Unicode codepoint @var{wc}, an integer, as UTF-8.\n           
